income,employment_length,existing_debt,loan_amount,credit_score,payment_consistency_pct,income_volatility_score,debt_trend,default
64061.22,3.5,16490.47,17467.64,485,68.5,55.2,-0.37,0
30577.16,2.4,5533.97,9074.36,700,82.6,34.2,-0.016,0
81858.56,5.2,51837.63,27453.15,589,55.4,23.6,0.012,0
90881.4,0.8,21968.46,38800.26,797,90.2,37.3,0.055,0
18526.0,2.1,3933.16,12209.99,763,78.1,18.9,-0.186,0
26470.9,7.5,6403.56,7361.97,581,75.4,37.9,0.212,1
58122.74,1.1,4993.06,31421.69,718,93.2,35.0,0.337,0
45527.26,4.3,18045.28,19136.44,661,66.2,18.7,0.227,1
53678.05,3.1,7631.98,2722.04,826,85.6,26.9,0.073,0
33888.33,2.8,15084.33,7517.32,644,79.2,28.5,-0.499,0
87874.85,8.0,41641.21,47635.07,594,81.5,49.7,0.586,0
83098.8,9.1,46871.95,38359.34,627,88.0,17.5,0.021,0
56180.04,1.7,10842.2,14375.55,661,100.0,18.8,0.109,0
100708.22,3.8,19604.69,22472.07,850,89.6,27.5,-0.247,0
70061.6,0.6,15983.7,15124.76,690,100.0,46.3,-0.075,0
33772.06,7.7,6395.19,14529.5,645,100.0,49.5,0.413,0
66357.56,4.2,9696.98,17676.02,770,94.8,40.2,0.274,0
31971.96,1.0,16626.44,8712.35,466,58.2,49.3,-0.109,1
87829.06,2.2,41390.74,7739.78,677,80.6,58.2,0.535,1
52708.96,1.5,3076.61,26229.62,703,68.7,38.2,-0.353,0
48938.79,2.1,21471.48,13201.39,630,100.0,19.0,-0.588,0
37253.04,0.7,19508.76,22322.19,490,69.9,33.5,-0.675,0
106127.63,10.8,50298.31,16380.61,630,63.0,7.8,0.278,0
49762.09,1.8,5472.43,9585.38,716,45.2,42.9,-0.244,1
42805.41,4.3,14590.28,8516.89,606,69.5,25.2,-0.049,1
44637.36,5.9,8652.86,18273.66,730,85.7,37.2,0.383,0
72603.62,9.1,10760.0,14226.48,796,99.2,33.3,0.115,0
66236.98,4.4,14185.71,24052.1,582,69.0,27.3,-0.415,0
67982.32,3.5,7734.19,32618.05,850,100.0,39.5,0.568,0
68662.02,4.6,22253.57,25993.5,725,83.1,32.5,-0.102,0
175941.39,1.7,49531.24,54193.09,822,77.2,22.4,-0.022,0
43324.42,1.8,11559.52,13021.52,542,86.4,13.0,-0.249,0
40874.7,3.4,16027.58,20970.53,645,100.0,42.1,-0.39,0
34628.25,0.4,16501.03,7821.84,715,84.7,10.9,0.081,0
76022.81,2.4,4193.56,20021.35,806,68.5,70.9,-0.504,0
100804.15,2.9,16122.66,18812.39,765,89.9,60.7,-0.029,0
50885.28,14.5,6865.09,8996.35,807,89.7,3.2,0.555,0
34129.38,10.0,15078.63,14260.49,613,81.3,47.6,0.263,1
34424.9,5.9,15006.2,1845.8,592,98.3,57.8,0.071,0
77483.95,7.8,25369.37,6003.78,680,52.0,23.3,-0.384,1
81535.17,1.8,22403.75,45232.3,824,89.0,42.0,-0.021,0
73037.98,4.7,0.0,6655.52,850,95.0,32.5,-0.279,0
37570.32,7.2,12894.41,16307.91,596,63.7,48.6,0.505,1
61555.15,1.8,14153.49,17232.59,601,63.2,26.1,-0.166,0
57767.24,1.1,4106.96,33658.21,842,98.0,55.3,-0.275,0
61100.71,5.4,10368.41,18574.2,776,100.0,32.1,-0.076,0
87490.53,1.2,3538.77,13007.87,801,100.0,28.7,-0.274,0
61265.83,6.3,29544.91,30454.09,661,74.3,48.0,0.082,1
78700.32,9.0,22527.11,19206.16,704,86.8,53.0,0.637,0
56227.91,1.9,18509.2,11376.25,734,88.7,0.0,0.003,0
63514.0,2.0,26711.4,29311.81,626,60.1,0.0,-0.323,0
76665.61,8.9,16543.71,34928.85,679,86.2,41.8,-0.055,0
24308.09,4.5,3440.12,4897.53,653,85.9,21.8,-0.445,0
45441.49,8.1,1076.58,6589.39,846,94.4,8.6,1.0,0
41826.9,3.5,13880.23,2145.22,624,76.0,27.5,0.63,0
38124.68,3.7,18959.31,16695.77,536,100.0,93.2,0.436,1
46568.13,4.4,15062.5,19558.37,702,85.1,8.4,0.263,0
123280.52,12.5,19685.61,33529.81,850,100.0,52.7,-0.058,1
33650.83,7.6,9227.27,29172.24,609,94.5,19.8,-0.05,0
92277.27,2.4,5977.43,16871.58,846,87.9,6.0,-0.077,0
21470.21,4.9,4095.88,12720.05,588,67.5,22.8,0.832,1
45062.84,3.3,27324.75,19017.79,639,65.5,6.6,-0.067,1
59249.59,2.8,10377.93,18991.22,850,100.0,3.6,-0.197,0
74788.71,6.2,28108.56,13009.28,659,96.3,20.5,-0.037,0
80111.49,5.3,48480.77,17574.58,692,80.0,13.2,0.181,0
83812.8,1.9,11538.69,14774.06,753,78.2,32.1,-1.0,0
44721.12,4.4,21361.35,16798.32,503,87.1,38.4,0.138,1
42011.83,2.8,10789.42,37295.4,537,65.2,19.2,-0.89,0
86845.57,5.9,13573.85,20354.88,815,77.5,47.6,0.515,0
48765.71,2.7,6660.42,9192.46,792,92.6,21.7,-0.603,0
26859.44,3.8,11878.29,2363.47,526,94.4,31.9,-0.281,0
29047.63,2.9,952.66,14644.94,834,78.8,0.0,-0.671,0
32672.9,0.8,3215.77,13513.01,795,100.0,36.6,0.63,0
71213.55,12.1,12373.74,9944.51,738,98.6,80.0,-0.004,0
58590.87,4.3,20662.31,24490.82,636,73.2,50.9,0.779,0
79202.8,12.4,21699.51,15499.85,654,66.1,31.5,0.696,0
42830.73,4.5,10717.85,21375.37,836,92.3,11.8,0.437,0
59112.45,7.0,29892.34,11298.54,504,77.7,67.6,-0.491,1
76425.73,2.5,8942.86,9218.32,665,75.0,31.8,0.058,0
45700.27,2.6,20090.11,24967.64,645,87.1,21.5,0.478,1
69649.19,4.2,13929.25,27335.58,850,94.1,22.0,0.136,0
37644.45,12.3,7521.02,11930.48,630,95.1,76.5,-0.129,0
44370.07,1.9,2477.7,24698.62,805,84.8,32.6,0.123,0
43916.45,0.6,12745.64,9097.33,563,51.9,44.0,0.157,0
28065.27,8.7,0.0,2655.73,775,97.4,30.9,-0.517,0
70815.62,7.3,33950.5,36509.49,662,72.7,33.7,-0.198,0
41849.23,3.0,13559.78,27134.97,617,88.3,26.5,0.229,1
54549.93,15.6,29448.26,11294.64,552,82.3,63.4,0.306,0
70573.55,16.0,16217.71,40306.06,755,100.0,35.9,0.085,0
69257.88,0.7,4968.0,30626.87,850,100.0,6.8,-0.143,0
78116.91,2.5,1858.77,15083.07,850,77.6,42.9,-0.067,0
51319.85,4.1,38135.24,16421.31,393,65.2,32.7,-0.264,1
42923.98,5.8,13217.63,6850.91,612,66.3,42.6,-0.036,1
51852.32,5.1,14694.95,22547.14,754,87.8,28.4,0.298,0
21417.55,4.3,7223.54,18294.38,463,76.4,24.2,0.85,1
24442.73,1.7,11671.27,6360.14,571,68.4,52.9,-0.421,1
26173.83,6.3,4794.0,7300.42,583,76.7,72.2,0.443,1
31304.41,6.5,8387.01,11432.77,663,90.3,0.0,0.134,0
67499.52,8.3,25153.94,28448.77,726,82.9,36.6,-0.56,1
32924.97,1.5,13842.31,13280.13,658,77.2,24.2,-0.034,0
44002.89,3.6,13738.0,3951.93,568,79.0,16.8,-0.064,0
110699.61,2.9,66920.03,42929.37,716,81.7,0.0,-0.001,0
44536.08,1.4,6232.62,4819.35,765,87.1,42.2,0.367,0
81278.24,3.6,19499.01,28700.34,620,87.9,25.3,0.691,0
32419.33,1.8,14478.77,12617.39,558,60.9,24.1,0.453,1
48388.11,1.2,14169.35,20172.97,619,86.3,59.1,0.074,0
32128.15,7.3,10147.69,4035.36,665,78.9,26.2,0.113,0
44960.15,3.0,11898.51,17147.8,582,69.8,25.4,0.728,1
86005.75,2.4,22897.59,34264.96,755,78.8,8.3,-0.371,0
20951.67,9.7,1973.07,6458.75,699,100.0,16.8,0.435,1
68798.21,6.7,22322.33,32238.72,663,95.3,64.3,-0.402,0
61744.15,0.5,16721.94,31813.04,521,85.4,47.2,-0.534,0
39074.19,5.8,2655.63,12209.05,721,71.4,60.8,0.221,0
24456.91,5.8,6673.98,1000.0,630,65.0,18.2,-0.58,0
56368.81,3.5,9405.57,24150.07,687,70.8,42.2,-0.137,0
40488.73,3.4,22382.9,6235.09,560,84.2,56.0,0.481,1
61572.58,0.9,14940.1,38475.97,643,84.5,46.6,-0.32,0
54831.42,15.5,7210.16,16125.82,706,74.9,66.6,0.629,0
130741.63,3.6,65890.38,67488.12,735,96.3,43.0,-0.79,0
47493.8,5.6,11400.53,11470.07,703,89.4,35.0,0.365,0
30855.69,3.7,6447.78,11500.38,673,46.9,0.0,-0.484,0
59790.47,2.4,16248.62,25825.04,602,85.5,43.3,-0.068,0
61144.68,7.7,13601.03,18011.8,647,94.6,47.0,0.076,0
114411.08,4.8,34231.25,23467.86,762,86.8,58.0,-0.099,0
85760.28,3.6,23492.9,1664.39,757,92.1,19.1,-0.09,0
65925.4,5.5,22409.58,5504.28,609,80.3,34.3,-0.508,0
121153.86,4.0,49849.19,65794.45,757,83.1,3.2,0.495,0
28174.72,13.0,1327.68,8292.0,740,83.4,2.7,-0.43,0
38106.37,7.5,6204.42,18884.39,726,86.6,45.3,-0.431,1
32545.14,6.2,3580.41,6745.0,587,75.9,60.3,-0.034,0
43721.91,1.0,1392.67,13861.31,736,99.3,61.0,-0.244,0
25408.08,6.3,15341.07,16695.2,544,100.0,43.8,0.294,0
76828.66,6.2,2307.16,7871.69,802,76.6,75.9,-0.187,0
47943.45,1.8,18614.08,16324.35,659,67.6,27.1,-0.0,0
24126.27,1.0,3341.12,4566.95,543,65.2,53.0,0.04,1
30990.36,7.3,3240.59,4362.52,756,89.7,8.6,0.341,0
64371.91,8.0,28971.58,18096.18,676,92.2,0.0,-0.185,0
85902.62,2.6,46530.72,39453.12,634,89.7,25.4,-0.585,0
162462.42,2.5,13660.01,20243.84,850,90.9,32.6,-0.283,0
269042.42,4.8,84761.33,124967.46,766,76.0,39.7,0.398,0
68045.04,3.0,4120.14,21028.07,756,56.1,31.3,0.122,0
31437.42,1.0,0.0,6925.49,771,77.0,42.2,-0.13,0
16770.46,1.8,7132.12,1000.0,496,100.0,69.8,0.021,1
62770.55,5.4,37527.71,11829.71,590,87.7,49.8,-0.093,0
34644.09,1.9,17949.93,27634.94,558,89.9,19.7,0.276,0
43111.86,8.3,18646.21,11968.03,638,96.7,0.0,0.118,0
38690.4,6.2,11377.78,14837.91,576,72.2,13.5,-0.098,1
50139.53,5.6,8695.29,18767.54,790,87.1,61.9,0.321,0
97371.53,4.7,48118.86,26886.55,653,91.2,24.9,0.412,0
59063.99,2.3,22191.36,19395.14,651,70.9,48.6,-0.322,0
49649.86,6.8,8381.14,14244.91,735,89.1,47.8,-0.315,0
30650.08,2.2,2881.88,4934.29,656,100.0,33.9,0.84,0
21567.1,8.6,3701.96,3002.14,632,78.4,33.3,0.219,1
41461.92,11.6,10054.12,15920.72,622,59.9,21.7,0.584,1
52597.28,4.8,6939.47,22408.68,694,86.4,79.5,0.312,0
143252.12,10.6,52069.11,30160.36,730,74.8,15.9,0.161,0
58200.6,1.8,8229.86,11950.02,724,86.5,57.4,-0.748,0
93014.13,6.2,23048.0,44399.53,723,72.2,51.6,-0.427,0
41166.8,4.2,935.21,1000.0,685,84.9,47.3,0.228,0
28233.96,7.4,4695.32,12225.73,772,100.0,32.6,-0.317,0
31862.52,0.5,14430.86,8608.45,650,83.6,5.4,-0.052,0
36356.4,7.1,2417.42,4997.73,562,60.9,12.0,0.319,0
174670.8,2.5,58536.86,60976.38,796,89.3,19.5,0.047,0
34483.54,4.4,0.0,1000.0,850,84.3,42.4,0.14,0
85919.76,15.3,15761.4,20196.44,763,87.0,52.8,0.486,0
32971.21,6.4,10055.1,5844.4,620,97.6,41.3,0.52,0
90433.06,5.8,36569.61,23925.31,698,76.6,40.2,-0.02,0
66951.45,5.4,14072.03,16006.41,580,80.0,55.8,0.446,1
49704.42,9.2,18656.94,1000.0,645,69.6,0.0,-0.336,0
52975.28,7.6,7197.55,27166.43,752,86.7,0.0,0.079,0
37792.53,5.5,9464.01,18202.93,697,86.3,4.0,0.198,0
69240.39,5.0,24036.33,36731.3,579,80.4,53.5,-0.037,0
42182.43,4.8,9591.47,16182.7,716,94.5,0.0,-0.078,0
27609.55,4.1,14353.22,9005.15,329,69.5,34.8,-0.392,1
26826.2,1.4,1749.67,13066.61,667,85.8,16.8,-0.012,0
59570.95,6.3,0.0,24985.78,819,92.4,38.1,-0.563,0
129120.35,2.7,29900.71,30150.82,844,76.4,32.2,-0.047,0
59159.67,3.7,30106.09,15592.47,706,64.8,40.0,0.021,1
50754.16,7.9,11062.34,23398.79,603,60.3,27.0,0.261,0
63399.06,4.1,22751.47,11202.59,694,86.2,49.1,-0.412,0
111112.78,3.9,67399.65,31026.61,635,100.0,64.3,0.119,0
61124.03,4.8,10400.35,20637.5,667,75.5,60.3,0.199,0
43217.03,3.3,3399.83,20106.56,763,90.3,27.8,-0.008,0
99554.33,15.1,40367.6,45917.58,616,50.0,17.7,0.157,1
68584.1,13.7,13853.49,14335.8,792,89.2,38.9,0.094,0
126079.23,13.5,29259.04,49873.12,694,68.8,74.5,-0.91,0
59920.8,5.4,19187.87,16457.59,601,78.5,33.9,-0.323,0
27626.81,2.6,6871.19,2777.88,625,85.1,51.8,0.75,0
25527.52,8.1,17308.27,8449.35,338,60.7,50.7,0.23,1
134324.04,3.4,34703.25,55350.27,788,100.0,50.4,-0.211,0
139806.72,8.6,16553.1,70781.8,829,75.5,60.5,0.128,0
49082.82,2.5,33307.42,18581.84,565,92.5,8.7,0.249,0
43881.45,5.7,25378.23,5524.31,649,100.0,15.7,0.539,0
121030.08,9.4,42481.34,28974.13,741,88.1,36.0,-0.136,0
29469.91,3.5,11509.56,15560.43,526,66.8,59.6,-0.209,1
33120.25,3.5,3294.61,1204.99,633,85.4,59.6,-0.174,0
77174.91,1.1,30761.11,22385.34,665,58.3,34.1,-0.2,1
43606.75,2.5,5821.81,3535.16,590,79.4,55.0,-0.212,0
54023.96,5.4,19682.13,9852.14,663,100.0,26.6,0.066,0
49518.74,6.0,7198.78,24345.92,686,64.2,18.5,-0.147,0
65229.43,6.6,19463.98,7853.73,730,72.5,8.4,-0.022,0
117490.77,0.7,37926.01,35321.61,810,100.0,32.3,0.655,0
56943.89,3.4,1714.36,29033.98,810,81.6,28.1,-0.335,0
77200.9,1.2,31770.77,16296.95,525,71.5,55.1,0.118,1
17542.91,5.2,3174.89,1000.0,592,89.4,46.3,-0.397,0
52743.98,0.9,22621.04,19068.43,626,77.4,36.1,0.324,0
34071.73,1.6,9631.65,14335.23,530,46.0,36.2,0.392,1
27712.89,7.5,5145.0,23371.64,554,65.0,26.6,-0.304,1
33423.56,2.8,3145.94,6329.27,724,100.0,0.0,-0.244,0
45081.72,10.7,22140.19,8286.19,622,88.6,11.4,0.233,0
89656.99,6.7,44298.22,40037.39,724,100.0,50.7,-0.096,0
26120.72,3.5,3193.68,7543.81,762,69.6,32.2,0.496,0
55096.82,8.3,18695.54,21934.15,642,83.2,8.8,-0.421,0
41510.71,3.8,9791.7,11447.42,641,81.6,62.3,0.377,1
45241.94,7.2,38566.73,23041.86,358,76.3,69.0,0.783,1
94043.88,2.4,20160.13,56869.1,744,86.9,59.1,0.137,0
72835.85,8.7,23743.24,28021.44,628,68.4,43.5,-0.223,1
113048.13,1.0,65297.49,62026.19,722,100.0,40.7,-0.272,0
49762.74,1.6,7747.59,29361.72,593,90.5,34.5,-0.057,0
36946.7,1.9,11172.06,9461.21,603,81.6,38.3,0.237,0
47900.33,2.6,13580.76,17424.44,670,85.9,47.6,-0.523,0
61906.05,5.5,22398.36,25340.47,652,79.8,49.1,-0.108,1
59701.67,4.3,12682.96,37697.78,658,59.9,44.1,0.046,1
29839.45,7.3,20295.06,4806.06,484,70.1,0.0,0.544,1
56940.91,9.5,18744.94,19493.28,686,81.5,58.0,0.652,0
61422.14,0.9,12229.54,28361.16,807,79.1,39.0,-0.046,0
216340.91,10.3,5465.97,25039.29,850,93.1,7.9,-0.388,0
152095.6,3.7,69517.98,56028.93,709,91.8,39.0,0.049,0
33884.61,13.3,11147.84,11876.78,595,76.2,41.0,0.062,1
46255.66,2.3,12418.68,8220.46,720,70.6,3.6,0.415,0
24224.19,0.6,10631.67,1000.0,592,94.6,22.1,-0.155,0
39148.26,6.8,10238.05,16272.86,633,86.7,12.9,-0.346,0
64445.99,6.5,13626.25,1000.0,768,75.3,15.5,-0.004,0
105158.02,1.7,20874.28,43696.3,750,68.0,46.4,-0.119,0
36279.35,1.8,19640.04,12214.62,661,74.5,22.6,-0.128,1
37805.86,7.6,14577.96,18615.76,590,89.5,36.9,-0.304,0
16630.46,5.7,1327.77,8624.96,679,100.0,49.8,-0.439,0
49539.9,3.4,16739.1,6863.78,682,81.0,26.3,0.214,1
30202.26,6.1,9320.1,8726.85,554,72.3,50.6,0.092,0
40489.92,5.3,12644.73,5238.9,608,100.0,62.1,-0.281,0
33447.31,2.0,9637.7,1701.06,620,78.8,51.9,0.287,1
51439.19,8.0,5743.71,26415.78,675,72.9,47.0,-0.645,0
20604.18,7.0,4544.86,7161.23,575,78.3,52.1,-0.143,1
24176.23,4.4,9032.27,8801.62,545,77.6,42.9,0.075,1
174745.5,7.6,22413.49,95814.32,835,100.0,52.0,0.388,0
26686.62,14.4,12161.91,8246.64,495,60.6,11.5,-0.194,0
29636.68,1.8,8476.76,5648.25,616,92.3,33.5,0.393,0
148791.67,3.5,61836.22,41621.55,732,83.8,42.8,-0.228,0
267744.1,3.7,78727.12,124034.74,847,76.2,33.5,0.288,0
28442.46,7.5,4863.2,17723.37,608,79.3,85.0,0.589,1
44243.47,2.6,6555.56,17155.81,763,80.5,31.2,-0.35,0
65372.41,7.2,15373.21,36738.73,764,85.2,0.0,0.053,0
140194.17,2.9,19738.45,11148.29,850,77.7,36.1,0.189,0
31483.81,1.6,12967.12,3651.4,591,83.1,51.6,-0.435,1
47339.35,4.6,25311.35,8136.22,487,73.1,17.5,0.151,1
83078.04,2.8,8992.11,37014.8,807,100.0,34.3,-0.198,0
68811.17,4.9,36375.97,37066.79,844,98.1,33.5,-0.295,0
44051.48,5.8,19783.71,3656.85,552,90.8,33.8,-0.148,0
50332.05,0.9,12694.83,20728.22,716,77.8,23.0,-0.174,0
25433.11,3.1,3649.02,7834.29,815,95.5,56.9,0.28,0
47524.68,4.6,8010.03,10853.45,606,88.2,78.3,-0.0,1
46792.91,7.7,13872.0,14865.85,755,85.7,18.2,0.809,0
61555.44,7.0,4549.02,28862.91,850,76.5,8.9,-0.188,0
39917.5,2.2,13948.11,10431.0,629,87.8,26.2,0.166,0
70217.03,3.8,3558.07,4787.12,691,100.0,63.1,-0.053,0
94560.37,6.0,28853.88,54138.99,771,85.1,29.8,-0.447,0
59011.41,3.6,37534.12,12155.37,543,80.3,42.3,0.557,1
65740.21,2.3,15738.84,19417.55,728,85.4,16.8,0.042,0
55783.61,4.2,6662.67,33024.43,751,84.6,70.7,-0.273,0
54178.88,5.6,26003.37,18767.31,598,76.3,29.1,0.14,0
36429.82,2.0,20632.23,8831.93,396,73.6,40.0,0.362,0
64477.52,6.5,24813.13,1543.81,706,95.1,19.1,-0.297,0
51353.71,4.8,10742.07,20665.8,789,100.0,17.2,0.018,0
171312.14,6.7,88327.39,54463.79,786,100.0,34.9,0.364,0
128713.62,4.1,13851.64,49659.1,850,90.4,37.1,0.058,0
66984.44,13.0,28390.31,34907.49,593,85.6,52.3,0.194,1
35607.75,5.6,9970.3,4844.97,767,96.6,1.2,-0.092,0
29383.06,7.2,3874.29,8946.67,640,71.3,16.0,-0.551,0
104310.64,6.5,24409.58,49263.59,815,93.0,21.3,-0.088,0
62599.47,3.8,5682.36,27894.37,850,98.5,37.4,-0.196,0
70550.14,5.2,14671.19,10329.86,757,98.3,12.4,-0.038,0
20753.66,2.7,3884.52,5723.21,643,100.0,33.1,-0.192,0
90227.65,12.4,5960.33,41537.63,814,75.6,22.1,0.06,0
69559.04,6.0,18850.03,31815.94,664,77.1,32.3,-0.121,0
29415.09,2.2,7699.83,16667.69,660,81.0,19.5,0.283,0
41800.41,10.6,23394.91,12155.42,500,68.4,14.8,0.215,0
62632.81,3.9,21862.47,23513.59,765,91.5,40.7,-0.324,0
55762.49,7.9,21266.63,13666.99,688,93.5,57.3,0.44,0
46134.02,0.9,14916.92,17121.88,601,91.9,51.3,-0.253,0
51178.84,9.3,22946.79,28283.86,643,86.1,57.3,-0.394,0
47165.24,5.8,16710.79,26798.69,682,98.1,59.6,0.369,1
58918.44,2.1,8623.89,21426.28,699,92.1,31.8,-0.207,0
121700.77,5.8,41138.93,66841.84,720,75.6,72.4,0.034,0
13204.83,11.6,2378.11,2433.04,463,42.7,50.1,-0.451,1
47559.29,2.7,1082.13,12948.05,661,79.4,16.0,-0.128,0
59699.67,2.7,9674.04,14501.38,586,84.5,21.6,-0.04,0
63754.6,3.7,13105.07,20065.01,700,84.7,38.0,-0.137,0
44154.36,4.6,23506.64,19709.87,505,81.5,52.6,-0.18,1
20615.59,8.3,4327.81,7117.96,621,76.5,30.4,0.014,1
64886.67,6.1,27778.74,9934.0,600,72.1,15.6,0.347,1
140090.32,3.7,34809.42,17232.41,695,69.5,50.8,-0.33,0
23303.91,5.4,7541.98,6965.94,724,90.1,12.7,-0.885,0
87125.55,12.8,9609.44,43390.16,850,99.2,41.1,0.434,0
45220.74,6.8,17461.07,18528.19,503,66.5,35.9,-0.23,0
52379.55,4.0,15398.85,15407.15,783,83.1,8.2,-0.201,0
30360.75,3.6,2007.66,4721.26,797,95.0,70.5,-0.191,1
45073.47,5.2,32154.25,18792.67,496,81.4,35.3,-0.465,1
110749.32,8.2,47350.91,27723.71,739,94.0,11.3,-0.138,0
74642.13,2.4,29826.26,26701.58,586,99.1,36.0,-0.098,0
140473.11,7.5,50865.55,32405.86,739,89.5,0.4,0.152,0
103525.84,4.0,30719.38,19890.79,709,77.1,42.2,-0.192,0
68974.88,4.4,23953.11,14462.88,685,100.0,52.2,-0.854,0
141373.98,19.6,12786.82,13740.52,774,80.3,89.0,-0.468,0
68971.33,7.0,14911.53,37141.14,735,80.3,37.0,0.39,0
85424.95,2.9,36275.72,25046.99,831,91.2,21.8,-0.294,0
46022.51,5.8,7223.0,14271.1,664,79.8,39.1,0.191,0
56195.96,8.5,18449.01,27034.8,609,80.9,63.8,-0.25,0
36916.61,7.0,2043.52,17333.15,694,78.8,45.0,0.284,1
93364.94,0.5,26847.33,32355.24,692,81.5,51.7,0.035,0
28337.27,4.3,9178.9,3646.31,699,86.8,50.2,-0.508,0
83307.4,6.0,28570.27,18157.74,606,56.4,45.1,-0.41,0
48783.23,5.7,16006.66,7871.1,730,82.6,7.0,-0.521,0
103175.42,3.1,25576.29,47314.05,850,59.3,5.9,0.319,0
81877.37,7.1,50097.51,25320.39,705,78.3,3.4,-0.441,0
147466.36,9.3,85346.04,62958.23,709,88.7,11.1,-0.129,0
80977.46,1.0,31935.06,38560.68,658,79.4,13.4,-0.028,0
22819.66,0.9,14436.51,1000.0,391,93.8,72.2,0.078,1
52217.65,5.8,10194.8,16642.58,744,88.9,20.9,-0.161,0
28435.57,7.5,11153.52,7335.12,419,53.8,37.0,-0.551,1
40739.2,2.7,9079.98,8395.77,850,100.0,30.1,-0.422,0
124389.82,0.5,36302.84,60624.0,728,87.5,38.9,-0.368,0
76929.42,4.4,31095.27,3178.79,654,76.0,36.4,-0.927,0
36886.03,5.7,8706.58,15573.51,682,77.4,9.9,0.151,0
31022.11,3.5,9508.59,6223.06,447,54.8,47.0,0.177,1
55162.03,8.6,18594.91,13495.32,728,87.0,21.4,-0.375,0
27747.25,5.5,15088.49,3195.74,590,93.1,20.7,0.457,0
37454.15,2.5,8087.13,14785.46,631,74.5,28.9,-0.037,0
64318.67,2.7,14038.24,13016.98,697,71.3,51.2,0.297,0
102275.11,4.4,19116.12,17857.59,794,86.0,22.5,0.272,0
75721.61,3.3,47380.46,20510.05,638,100.0,36.8,-0.047,0
15364.13,0.8,4129.27,3458.2,547,99.3,43.1,-0.71,0
64048.87,5.2,9316.44,34140.61,784,95.6,40.1,0.07,0
56365.83,2.8,19795.0,12984.3,733,100.0,39.0,0.184,0
68025.62,3.2,9658.07,17815.94,768,96.9,6.9,-0.228,0
131783.45,1.8,75451.69,66049.03,734,100.0,37.5,0.056,1
17417.29,11.8,5293.64,2093.96,533,85.2,16.7,-0.01,0
39139.72,6.7,19667.97,17877.88,655,79.1,0.0,-0.334,0
74981.63,13.7,16066.98,39602.53,764,99.9,25.7,-0.035,0
22700.07,3.5,11898.88,2828.91,372,70.3,24.6,-0.178,1
121999.47,6.9,30872.36,29089.64,709,89.9,94.2,0.131,1
66343.17,5.2,17925.76,19476.56,677,75.5,54.5,-0.207,1
86303.13,2.6,29709.27,5964.51,687,88.7,50.7,-0.249,0
39576.11,3.5,7072.52,12664.28,760,87.8,26.8,-0.573,0
84759.24,6.7,17896.38,13692.18,752,86.3,31.3,0.772,0
97505.04,1.8,41456.12,58749.46,626,83.8,86.4,-0.158,1
61579.41,8.7,14307.06,25508.68,743,91.5,22.3,-0.396,0
61631.01,4.9,23624.83,15692.03,783,93.7,40.1,0.211,0
62861.48,7.9,19827.15,20652.93,577,64.4,71.8,0.065,1
33696.87,5.7,6777.21,14419.31,814,83.4,20.5,0.192,0
49954.07,1.0,9372.59,19091.77,842,78.1,38.0,0.229,0
49817.05,4.3,12098.26,20371.93,628,86.7,34.6,0.384,0
66894.14,8.8,20651.92,29299.81,734,78.2,17.2,-0.373,0
93892.27,4.9,29984.1,7057.83,722,100.0,50.5,0.051,0
30266.75,4.4,2933.14,1000.0,722,83.0,12.7,-0.553,0
50576.64,4.9,10516.93,5953.41,637,97.8,50.5,-0.107,0
122369.51,0.8,21443.15,51553.31,754,70.7,43.6,0.235,0
35991.08,9.4,8830.91,13299.66,730,80.1,53.0,-0.313,0
34467.17,0.4,11538.34,8526.14,542,75.4,31.1,0.781,0
60552.64,10.8,10033.53,23606.51,768,89.5,42.8,0.006,0
86198.83,3.3,21525.95,14459.11,687,67.4,55.5,-0.634,0
54517.9,6.0,30908.59,21521.57,519,60.1,6.8,0.247,1
112524.73,0.7,9214.44,38929.82,850,75.2,10.8,0.777,0
86789.13,7.4,24737.91,24644.85,723,91.9,46.6,-0.783,0
86077.3,6.6,8348.88,5672.24,749,72.7,51.5,0.25,0
73479.67,6.3,25185.85,24302.1,716,87.7,37.7,-0.346,0
194893.63,0.6,38717.46,94967.2,850,74.9,53.4,-0.019,0
48395.45,2.3,10033.42,14339.59,614,59.5,27.8,-0.458,0
17998.84,5.8,4146.76,9265.43,725,95.9,60.3,0.299,0
130919.76,9.3,64297.33,55064.66,660,93.1,33.5,-0.111,0
42119.47,2.0,13679.93,11543.87,620,83.4,19.4,0.406,0
57488.16,2.1,14061.02,26641.33,769,84.6,63.5,-0.36,0
111329.87,5.5,4215.26,29707.8,791,81.1,51.5,-0.072,0
22443.52,18.5,5227.73,14008.08,586,69.5,26.0,-0.81,1
27216.92,2.6,16840.04,8848.15,489,100.0,26.4,0.909,1
22455.64,3.3,3799.61,1000.0,532,82.6,47.0,0.672,0
35004.26,2.9,8289.95,16343.42,661,89.1,15.0,0.763,0
68995.75,4.0,19335.13,11394.7,733,77.0,41.4,0.537,0
72280.04,9.8,16602.45,38882.87,733,90.2,31.6,-0.207,0
63066.87,4.2,1486.95,21682.3,831,100.0,39.3,-0.015,0
24908.86,19.7,1730.58,1000.0,711,86.3,0.0,0.102,0
15205.97,4.7,3607.88,4634.18,649,89.0,16.9,0.131,0
55820.39,10.4,12828.88,6515.3,685,96.3,40.1,-0.383,0
41794.63,3.5,7154.88,23987.5,702,93.9,56.1,-0.401,0
69749.27,1.5,10169.44,37809.04,782,98.6,32.4,-0.468,0
79703.96,4.1,36112.01,38211.09,609,88.5,49.5,-0.149,0
58456.19,6.4,11207.53,21397.3,831,88.5,5.4,-0.112,0
82295.62,2.3,0.0,27654.97,729,87.4,26.0,-0.158,0
61455.36,9.3,12667.95,17070.05,768,96.1,40.6,0.088,0
72514.05,3.0,17782.48,7257.57,745,78.0,33.8,-0.484,0
36769.71,1.8,17777.19,20945.52,557,91.4,50.3,-0.299,1
49080.33,17.3,10619.81,11759.31,798,100.0,29.9,-0.266,0
60368.75,2.2,24420.42,11191.79,706,89.0,30.1,0.287,0
85075.18,2.9,23323.03,14490.6,628,67.2,48.1,0.069,0
43627.47,7.1,14743.0,25684.16,673,79.9,24.3,0.118,1
72160.06,3.4,8724.77,33714.41,787,92.7,16.8,-0.327,0
46807.03,1.8,19586.95,12699.87,561,74.6,44.3,0.014,1
50784.77,2.7,7250.0,3954.08,788,70.3,15.7,-0.271,0
85496.91,14.3,4241.35,43624.64,743,64.7,63.4,-0.259,0
18102.71,6.6,5268.14,7152.62,654,81.1,0.0,0.129,0
26554.12,7.5,9828.37,20719.88,522,100.0,29.0,-0.226,0
23975.75,5.3,2971.67,7607.13,628,76.6,67.5,-0.037,1
15010.59,6.0,5465.86,11092.57,605,96.3,74.5,-0.094,1
37307.68,3.2,887.54,8304.52,660,80.1,33.2,-0.411,0
81812.77,4.8,25322.71,32814.31,692,78.6,57.1,-0.202,1
46319.29,0.6,4508.71,23691.56,728,91.2,50.5,-0.197,0
60402.43,8.4,2369.09,11089.06,762,62.5,25.2,-0.134,0
98623.97,3.1,2849.48,43370.28,840,100.0,44.3,-0.631,0
112445.89,1.6,1494.67,27560.85,850,91.5,17.8,-0.255,0
52154.94,5.0,18960.18,22959.18,713,98.7,3.8,0.319,0
114059.13,3.8,40792.78,50545.21,850,80.4,45.1,0.153,0
56992.2,8.2,3372.63,1136.06,795,90.9,46.3,-0.14,0
34181.2,4.2,12814.65,11026.03,810,97.1,11.3,-0.413,0
39068.81,2.7,5078.71,5781.46,754,82.7,32.1,0.035,0
23997.5,4.3,3777.25,7805.79,618,71.8,11.3,0.339,0
33240.57,11.2,19520.4,18741.46,501,70.8,25.8,0.531,1
44493.16,8.4,3503.24,12200.82,747,78.1,26.3,-0.183,0
84286.06,6.5,20360.56,42615.41,626,87.2,49.8,-0.371,0
139584.22,8.7,39087.54,18072.35,825,81.7,25.0,0.169,0
25331.4,6.9,8792.61,8767.35,602,77.1,9.8,0.126,0
67242.12,2.1,17091.66,41108.8,753,93.5,69.3,0.004,0
30567.75,7.5,7612.8,20243.01,642,77.5,44.9,-0.222,0
70339.12,9.4,41295.85,30571.91,515,75.6,52.9,-0.458,0
50407.86,9.7,1723.89,19387.41,795,97.2,47.2,0.236,0
19791.38,1.7,4644.18,9830.23,610,91.7,53.8,0.314,1
90270.26,2.9,45033.93,44692.24,523,66.8,43.7,-0.126,1
38841.7,2.6,13973.03,11519.15,665,65.4,44.3,0.599,1
40390.7,3.4,5523.78,14294.72,785,68.5,37.5,0.083,1
30080.61,6.1,6774.74,12065.04,637,83.6,26.2,-0.061,0
37803.02,5.0,16402.23,24308.13,656,100.0,52.7,-0.414,0
68551.44,5.0,3477.27,33174.23,842,100.0,29.7,-0.595,0
48820.99,1.3,7568.34,21528.59,726,94.5,37.4,-0.179,0
64910.46,2.9,30010.2,28483.91,652,100.0,42.4,0.129,0
66108.79,10.2,6216.46,8016.48,729,86.8,44.1,0.817,0
112012.29,9.4,35353.2,60376.85,825,99.5,14.7,0.024,0
44867.44,4.2,22393.6,5315.05,527,76.0,39.0,0.207,1
24046.1,7.5,4498.42,5693.14,624,62.2,14.6,-0.29,0
97438.08,5.7,6691.19,42927.91,782,79.7,38.6,0.073,0
45147.11,8.1,26555.18,7830.27,488,82.2,50.6,0.027,1
100010.04,7.8,2145.81,43279.44,819,100.0,71.0,-0.331,0
66893.52,4.4,20563.16,30996.38,709,84.0,46.6,0.468,0
50406.45,6.6,0.0,20230.54,704,69.8,52.3,-0.047,0
65632.53,6.0,5576.7,6476.46,787,97.5,13.2,0.387,0
158428.22,4.5,1521.43,19426.66,850,73.4,45.8,0.003,0
169793.67,3.8,103904.67,19700.62,627,86.0,12.7,-0.116,0
56283.66,13.0,6853.36,17234.38,788,96.3,59.0,-0.273,0
59166.15,4.5,15815.56,5254.73,752,71.0,13.7,-0.123,1
97922.54,7.2,28547.9,14992.36,848,100.0,15.5,0.513,0
34026.21,12.4,20743.51,17893.43,570,99.8,50.1,-0.315,0
65068.04,6.6,1026.97,33522.4,741,88.9,68.6,0.233,0
53411.18,6.4,13119.87,22054.9,694,100.0,56.2,-0.109,0
64385.87,4.5,22619.18,1314.33,785,78.6,27.9,0.206,0
34257.03,6.0,13679.96,10931.91,705,95.1,15.2,0.072,0
22600.74,3.6,7655.5,5458.37,631,87.9,26.4,-0.467,0
17324.19,21.3,2621.29,3125.47,574,75.1,37.5,0.058,0
29302.81,1.3,10335.27,3483.56,513,75.5,33.5,0.758,1
42096.87,4.0,9692.62,21791.83,675,100.0,14.4,0.108,0
46108.13,6.6,1772.49,21604.48,739,98.8,60.7,0.324,0
157231.91,6.4,40064.08,32519.06,799,96.5,61.2,0.104,0
99538.16,3.6,40826.88,38308.58,651,75.2,72.7,0.276,1
31915.59,0.9,2948.67,15528.87,850,93.9,1.8,-0.251,0
65594.01,1.6,33134.91,3512.69,786,78.8,18.8,-0.043,1
43308.62,5.2,28048.55,16382.57,660,100.0,40.0,0.308,0
46332.54,0.6,22206.69,1782.41,551,100.0,35.1,-0.123,0
59989.76,7.0,27463.07,13840.99,644,96.9,26.0,0.375,0
76156.38,9.9,45140.43,40115.92,626,95.4,17.9,-0.351,0
44954.58,7.8,22764.65,3965.39,653,82.8,15.0,0.021,0
97257.59,8.9,18103.46,42838.76,789,90.8,75.5,-0.091,0
28909.74,0.7,15888.49,4856.12,569,100.0,6.5,0.923,0
54365.58,3.7,27551.74,17201.97,653,90.5,3.8,-0.136,0
226097.26,1.9,158068.07,82766.78,692,72.2,11.2,0.147,0
61248.45,1.1,13633.01,27839.58,808,100.0,38.8,-0.697,0
119165.43,3.1,49302.01,65651.27,783,74.5,29.5,-0.409,0
56973.19,12.2,20056.51,26985.58,661,83.6,43.3,0.107,0
74565.07,14.4,18619.73,19973.25,719,77.4,20.9,-0.092,1
52510.54,2.2,17315.35,13771.67,594,47.5,36.8,-0.086,1
49329.41,4.8,11980.51,23643.3,687,86.5,36.7,-0.114,0
35287.52,6.0,2644.02,5543.22,755,100.0,66.5,-0.065,0
68642.4,3.7,21159.21,7114.55,670,88.5,70.6,-0.599,0
33916.42,10.4,5583.18,17880.36,769,100.0,32.0,-0.03,0
78125.51,3.1,23414.8,20241.32,782,81.9,52.1,-0.077,0
98411.0,2.7,31618.85,7075.93,729,87.1,38.2,0.373,0
66276.61,2.3,18371.47,32995.66,838,82.5,50.4,0.292,0
46284.54,3.7,7551.32,14410.38,724,84.8,42.7,-0.99,0
69541.65,0.2,7430.39,33718.85,813,89.2,49.7,-0.257,0
45717.2,3.8,25439.89,1164.37,694,100.0,52.1,0.631,0
90630.94,5.0,12789.97,22775.86,850,72.3,43.5,0.317,0
19785.94,5.2,7652.7,1000.0,615,84.1,37.7,0.172,1
45044.94,1.8,2875.7,4798.24,777,92.6,55.9,-0.176,0
18125.11,5.1,5493.89,8694.65,599,100.0,32.3,0.259,0
23806.56,5.1,600.47,5863.08,641,53.8,23.5,-0.53,1
114705.61,5.1,64198.93,19198.11,675,64.4,3.9,-0.198,0
88641.17,7.9,27764.18,12071.53,737,84.6,43.5,0.121,0
36471.48,1.8,21840.19,13166.22,553,99.7,48.8,0.213,0
23709.31,3.7,10939.81,4369.32,511,77.3,0.5,0.076,0
12000.0,0.8,1664.61,6272.7,645,93.4,22.7,0.138,0
40178.1,7.4,23361.88,12162.31,552,100.0,50.0,0.057,0
205094.94,2.0,1334.79,36056.47,805,84.1,32.1,-0.11,0
68815.64,8.8,22295.38,19104.16,650,80.8,36.1,0.469,1
39824.41,9.0,12269.75,14589.03,629,90.6,53.3,0.648,0
69968.06,4.0,14336.12,24150.02,701,86.5,32.8,-0.018,0
22959.17,3.9,2247.64,6625.51,683,87.6,42.7,-0.411,0
46003.47,1.2,31481.2,16075.7,449,81.5,13.4,-0.082,0
57223.08,4.6,31061.43,23774.08,514,80.4,42.0,0.03,1
51670.62,7.9,20404.6,9616.52,682,69.9,8.2,-0.773,0
83695.74,5.6,47319.61,13774.73,730,92.6,9.1,0.468,0
65483.59,11.2,14310.08,26974.83,703,69.4,24.9,-0.223,0
78243.36,3.4,20242.59,33242.53,778,72.6,46.0,-0.289,1
37100.85,3.4,6188.54,13860.62,594,67.2,36.0,-0.119,1
88769.51,2.1,49071.67,57467.14,694,79.4,19.2,-0.165,0
132709.17,16.2,65129.01,34753.36,678,84.4,52.5,0.02,0
31774.45,1.2,17776.39,9102.7,594,68.6,41.4,0.276,1
33248.58,7.5,10188.67,19740.6,606,80.3,55.9,0.446,1
112947.84,8.0,23868.48,25919.43,769,86.3,17.2,0.277,0
48764.64,7.8,7893.41,6633.93,685,62.0,63.7,-0.33,0
117254.46,2.3,60395.36,45915.0,590,73.4,66.6,-0.038,1
42472.21,4.0,3887.87,4582.59,683,100.0,53.2,0.037,0
120604.88,6.8,69558.25,41853.59,696,74.1,44.8,0.108,1
58239.39,2.8,8053.86,23672.82,804,93.9,44.9,0.171,0
62444.03,3.6,20192.36,23877.77,602,76.9,41.6,0.027,0
128103.64,2.8,21590.25,44126.91,840,86.8,7.5,-0.03,0
44401.4,4.9,14123.2,23463.99,624,72.8,23.0,0.319,0
32285.8,4.6,14734.77,14978.51,444,57.4,32.9,-0.046,1
42331.62,12.5,0.0,20925.01,740,77.8,14.4,0.335,0
69479.27,6.9,11508.66,12773.03,734,90.2,63.7,0.285,0
22898.63,1.5,2152.72,18467.43,754,93.5,45.0,0.508,0
76926.75,1.6,3461.74,7042.85,835,86.0,70.6,0.076,0
40282.64,7.6,12100.25,6307.36,576,73.1,50.8,0.505,1
101854.13,4.6,23332.24,42617.85,850,96.9,7.1,-0.106,0
14518.18,15.5,1554.62,1000.0,595,73.9,61.1,0.121,0
35150.31,15.5,4091.43,8265.02,660,74.7,26.0,0.268,0
21427.76,2.1,4093.24,6146.68,609,70.3,62.3,-0.354,1
34391.81,5.7,1950.35,15025.31,672,78.1,65.2,-0.137,0
62082.3,1.6,29440.14,23237.8,571,79.9,62.0,-0.234,0
49090.72,7.5,33808.2,5241.04,521,88.1,56.5,-0.02,1
47128.93,13.7,6365.46,5974.48,679,65.1,43.7,-0.186,0
49634.84,5.1,5684.29,15485.2,645,77.6,34.8,0.037,0
60588.69,3.3,12886.25,30932.63,651,72.8,72.7,-0.027,1
31110.64,6.1,1965.98,1595.75,699,90.0,40.4,-0.098,0
79918.87,8.6,10162.42,34289.51,798,88.2,27.3,0.053,0
78000.17,8.6,8674.54,27819.37,723,69.6,43.8,-0.239,0
66954.65,3.3,5768.79,24640.2,723,90.9,58.0,-0.302,0
73577.41,2.7,36088.04,42040.52,744,83.3,57.2,-0.418,1
63769.47,5.4,15865.66,10710.39,622,95.1,13.3,-0.626,0
165924.86,3.5,72989.29,71342.72,730,75.0,56.6,-0.238,0
51642.39,10.4,9428.39,20171.4,742,92.3,48.8,0.189,0
45757.19,3.5,9021.32,15162.27,744,96.1,28.1,-0.069,0
35794.87,4.8,5205.12,5021.93,726,85.0,18.5,0.004,0
30707.3,6.0,6542.29,6048.92,702,100.0,63.6,-0.142,1
27324.54,1.3,7867.22,3668.04,564,90.9,65.6,0.676,0
33228.44,2.9,14677.57,6837.65,569,100.0,66.4,0.058,0
52110.71,15.1,7368.98,22154.65,793,100.0,8.8,-0.199,0
65111.88,8.3,14138.07,19140.25,682,60.6,30.8,-0.37,0
55721.88,3.4,6883.11,14557.98,821,100.0,36.1,0.6,0
35559.25,7.5,15774.36,7356.37,527,91.2,65.0,-0.491,1
88885.25,10.2,34279.1,34508.69,688,87.4,51.2,-0.278,0
81363.09,3.9,19299.15,11257.38,681,74.7,30.5,-0.278,0
49622.19,8.1,24463.79,18323.02,521,71.5,38.2,-0.012,1
37831.45,7.3,13698.57,17201.26,541,69.3,49.3,0.124,1
73250.13,1.7,9562.18,14931.49,719,100.0,50.0,0.024,0
60077.19,3.9,12926.71,20882.0,593,90.8,68.6,-0.128,0
24429.09,12.7,11104.86,1000.0,461,65.0,64.1,-0.489,1
52188.16,14.8,10342.96,1000.0,666,69.3,59.9,0.65,0
62574.91,8.4,19767.02,23499.88,608,55.6,19.7,0.093,0
33029.88,2.8,8549.51,10627.03,765,100.0,20.9,0.199,0
60139.0,0.4,27287.67,31869.51,717,84.6,15.2,-0.237,0
24339.3,2.5,1408.47,5002.66,637,91.1,43.5,-0.104,0
112972.8,1.5,16345.25,52333.23,757,84.0,25.6,0.41,0
107621.15,13.4,39592.57,50638.91,712,97.3,46.9,-0.772,0
47151.23,0.8,16341.52,18021.35,636,78.4,49.8,0.267,1
66164.54,1.7,21893.15,38090.44,732,88.1,39.9,-0.086,0
14393.66,5.4,7885.9,4182.57,450,87.8,53.1,0.146,1
28681.53,4.6,14019.84,12329.35,468,67.8,22.7,0.583,1
46093.24,12.3,31471.94,27202.02,523,73.9,6.0,-0.167,1
30041.25,7.0,1563.06,11284.39,741,79.8,21.5,-0.946,0
80251.29,4.1,34739.46,27864.89,702,88.5,52.4,-0.382,0
162512.97,10.5,68265.81,83469.89,769,100.0,72.4,0.005,0
28363.6,3.4,7215.42,12099.02,624,85.6,65.2,0.577,1
34179.97,13.0,3231.42,1000.0,732,82.8,31.7,-0.136,0
61666.53,2.2,37298.62,14695.89,507,88.3,54.9,0.542,0
131414.78,4.5,6729.25,27011.81,839,81.8,8.0,-0.814,0
27658.66,0.5,8534.34,9359.4,502,83.7,66.7,-0.176,1
62129.11,8.7,9138.66,14109.47,763,100.0,46.3,0.363,0
147519.31,5.1,27006.4,37953.9,850,80.9,51.6,0.33,0
21840.74,13.0,4705.9,4432.33,642,87.7,0.0,-0.684,0
26780.04,3.8,10981.7,1000.0,485,75.0,45.1,-0.294,1
42916.7,1.2,17197.98,19765.56,500,100.0,72.8,-0.048,0
40687.51,6.4,1909.91,5931.01,727,71.2,41.8,-0.232,0
84705.07,3.0,37557.13,22375.76,667,83.0,34.1,0.409,0
61877.56,7.9,30431.16,11030.79,726,97.8,30.8,0.005,0
20409.81,2.3,3414.02,5854.67,702,71.9,21.5,-0.506,0
71931.94,11.5,19054.87,22681.95,719,96.2,37.8,0.161,0
39432.81,4.8,5158.91,10213.87,642,55.3,11.6,0.18,0
109201.05,4.1,53019.14,22974.52,705,68.7,45.0,-0.402,1
38362.16,11.0,7008.88,25060.8,634,82.7,58.2,-0.312,0
38172.15,8.8,8676.67,11919.33,759,100.0,27.4,-0.249,0
72956.77,2.6,26115.83,24306.24,513,86.0,43.7,0.478,0
82422.16,8.6,36586.51,26078.26,672,86.3,34.7,-0.031,0
69317.64,7.4,20361.14,37082.09,711,100.0,43.9,-0.773,0
21438.02,4.3,16244.01,7977.84,422,68.8,54.2,-0.421,1
72832.6,8.1,23606.63,22566.39,551,41.5,44.3,0.251,1
30672.77,11.5,8519.58,16848.18,677,100.0,53.2,-0.143,0
61660.69,4.4,12966.67,30704.16,765,92.5,46.4,-0.43,0
24759.04,4.4,5615.02,4968.93,543,77.8,53.3,-0.132,0
69249.91,4.2,34123.22,23831.39,681,84.8,42.3,0.343,0
34765.15,2.5,1050.69,6901.41,799,98.7,42.6,0.762,0
26756.99,4.4,4696.45,4183.43,539,82.2,49.8,-0.02,0
80225.85,4.0,31526.08,14717.4,721,86.0,34.6,0.171,0
61877.04,3.8,11582.44,15070.74,736,100.0,45.0,-0.035,0
38650.41,3.8,8517.0,8023.18,667,66.6,18.2,0.077,1
120348.67,1.7,19700.22,28588.05,850,91.2,0.0,-0.324,0
42516.23,9.4,10932.0,22190.77,653,66.9,37.8,0.506,1
55141.57,2.9,32472.98,10277.8,700,100.0,20.0,-0.16,0
62812.06,11.9,34696.55,28221.01,554,88.1,74.6,-0.385,0
38529.66,2.1,4851.35,5509.5,655,74.4,20.0,-0.269,0
70201.5,13.7,21919.84,11539.52,615,63.0,51.2,0.233,0
40400.65,3.5,15946.18,2720.25,681,79.1,21.7,-0.245,1
43200.14,8.7,0.0,17846.58,751,86.6,35.4,0.531,0
114628.7,5.1,0.0,32354.09,850,100.0,13.6,0.224,0
30567.04,1.5,16232.01,6981.18,583,68.7,11.7,0.302,0
14371.05,1.6,11.58,5111.89,613,72.5,41.6,-0.147,0
131401.83,2.7,21202.09,41411.24,850,77.0,27.9,-0.218,0
220164.52,3.3,43203.41,23602.79,772,73.1,50.7,0.012,1
43351.73,4.5,713.53,10944.74,740,76.8,60.8,-0.416,0
18671.23,5.9,4334.4,8511.73,607,70.8,4.0,0.165,0
45671.69,4.1,12311.22,9199.67,672,89.8,56.9,0.321,0
46285.19,5.7,10849.4,12457.28,569,77.2,15.8,-0.242,0
48802.75,6.4,6765.37,14605.8,716,84.2,28.3,0.241,0
29367.28,3.9,5003.71,7235.55,593,88.3,7.0,0.089,0
74515.22,7.3,29324.5,36999.92,624,64.7,7.6,0.391,1
72292.74,8.5,26747.3,34567.68,736,92.3,0.0,0.575,0
23815.14,6.5,6058.28,5822.54,742,86.9,26.9,0.274,1
79583.19,6.8,3123.42,15269.29,850,86.9,36.2,-0.02,0
167539.89,5.3,32407.03,19436.18,772,82.1,27.6,0.422,0
59550.39,9.9,24281.26,25620.07,678,80.2,0.0,0.017,1
45002.4,4.6,13261.1,13959.9,721,84.8,0.0,-0.093,0
50106.11,2.7,9401.78,8132.51,718,85.3,35.2,-0.213,0
75992.6,4.7,25673.9,38816.7,634,67.5,50.8,0.034,1
20913.09,1.5,7462.66,7181.24,560,100.0,40.0,0.352,1
59302.98,1.3,13065.37,4597.37,675,74.3,72.4,-0.361,1
43706.18,8.5,631.83,20555.35,770,84.9,34.2,-0.434,0
149687.3,12.0,34233.92,29850.7,850,100.0,41.3,-0.427,0
49227.37,3.6,7918.27,10995.51,756,79.2,34.6,0.358,0
135582.85,8.6,43583.22,19504.45,818,87.3,19.4,0.139,0
29523.52,0.7,8299.58,1930.05,546,53.3,31.7,0.516,1
74831.38,6.5,27708.27,42696.47,579,56.3,51.8,-0.182,0
64580.65,4.6,56639.6,23399.09,514,83.6,52.6,-0.428,0
33591.35,13.3,7503.51,9326.82,635,86.7,42.2,0.545,0
59728.7,4.1,12210.41,12824.81,581,99.5,66.6,-0.257,0
105544.23,1.9,23005.99,25718.46,671,95.2,44.1,0.237,0
45338.62,1.2,27043.82,15503.33,343,61.7,41.5,-0.467,1
21363.1,4.7,6519.28,2486.47,629,100.0,65.0,0.063,0
53655.56,5.3,16385.93,5838.57,647,67.3,20.7,-0.057,0
32980.35,3.9,10298.35,18709.6,676,96.1,63.6,-0.498,0
44878.43,8.7,3365.6,22030.08,759,77.7,15.5,0.662,1
51799.03,11.2,9000.08,25588.59,797,100.0,29.7,-0.311,0
21202.86,3.6,2692.86,7502.64,727,75.7,0.0,-0.327,0
22278.73,0.9,6938.16,5706.44,647,83.0,40.0,-0.229,0
70624.81,5.7,23608.81,29269.49,722,86.2,61.5,-0.763,0
40639.86,10.1,6370.94,24006.64,762,80.6,16.2,-0.115,1
13218.74,3.6,10323.35,1000.0,462,70.0,29.3,-0.229,1
83421.74,6.8,39544.51,13846.39,711,100.0,30.6,0.347,0
62931.58,1.8,12278.76,11305.35,818,75.5,30.7,0.111,0
36584.09,5.6,19016.66,18948.13,522,74.9,14.0,-0.444,0
26258.46,6.9,4049.1,11229.74,624,82.5,35.8,-0.229,0
85793.14,5.8,32600.44,42856.04,759,86.7,66.4,0.755,0
65653.28,15.7,5392.26,3448.16,758,74.4,25.0,-0.319,0
200873.62,11.9,39675.79,112263.42,835,97.3,39.6,0.288,0
68261.67,7.6,6711.71,10618.09,718,86.1,39.4,-0.238,0
67052.87,9.4,30550.26,8778.06,622,84.3,27.1,-0.351,1
49423.91,5.6,16988.78,16480.28,604,91.8,40.6,-0.19,0
84899.78,4.5,32602.29,40452.79,697,72.1,27.4,0.515,0
76404.5,3.3,11086.32,39968.51,677,75.8,43.4,-0.514,0
107844.83,1.8,8081.15,21323.96,805,83.7,33.6,0.23,0
40671.07,12.3,5650.84,4256.97,754,97.0,6.9,0.427,0
42639.05,16.1,4781.81,20980.8,710,80.6,0.0,-0.193,0
41626.54,4.8,3162.0,7682.35,675,79.6,0.0,0.349,0
83695.54,4.8,24103.91,41308.93,700,54.5,26.8,0.294,1
123513.52,7.1,58992.15,30202.55,667,74.3,51.6,-0.282,0
42093.04,4.1,15441.93,9795.18,380,60.9,20.4,-0.332,1
42889.16,2.0,17231.47,14643.94,520,64.4,30.1,-0.054,1
64391.86,1.5,34189.42,18310.49,704,89.1,21.9,0.038,0
47326.76,15.7,3779.2,21754.93,817,100.0,18.3,-0.129,0
91457.49,1.0,48733.48,14755.24,770,86.7,79.1,0.198,1
15701.67,5.9,299.75,1884.24,667,88.7,19.0,-0.271,0
34382.82,1.1,16341.38,21085.26,593,73.4,8.0,-0.319,0
35230.63,4.3,21928.02,4780.03,441,69.3,17.1,0.001,1
15120.46,3.5,3054.84,1000.0,528,100.0,36.5,0.08,0
31888.44,1.3,7113.45,2811.41,656,72.7,23.5,0.459,1
32750.19,7.2,5750.97,18556.84,565,56.0,40.7,0.159,1
48503.56,1.8,15234.8,23603.8,850,87.4,20.4,0.248,0
99920.61,1.2,40146.24,24751.42,652,78.0,23.2,-0.121,0
47345.01,7.8,11940.36,4672.9,699,92.3,20.9,-0.118,0
30731.78,3.6,12392.38,8658.89,635,100.0,33.2,-0.222,0
52505.59,2.5,19774.08,13154.8,711,89.2,49.3,0.064,0
96475.61,8.1,10129.79,14921.74,832,87.2,51.4,0.051,0
31673.09,1.8,4662.43,5855.39,555,93.2,63.2,0.034,0
32832.82,0.9,4309.13,2830.57,850,100.0,8.7,-0.071,0
73659.02,10.7,51067.79,14708.1,629,100.0,14.2,-0.015,0
47961.56,14.3,28953.43,10270.33,495,79.6,16.6,0.58,0
77351.6,4.2,12945.5,24128.46,797,97.3,34.9,0.096,0
53771.25,4.2,29096.37,25040.21,595,100.0,13.5,0.204,0
79691.24,8.4,30277.89,14226.64,777,93.7,21.2,0.164,0
30659.78,10.0,3077.4,17895.13,685,83.1,48.7,-0.061,0
53817.47,2.0,20340.9,26473.69,683,77.0,56.4,0.188,0
48248.52,3.7,4973.45,21972.36,800,85.4,48.9,0.007,1
27757.46,5.6,5317.85,3515.71,570,68.0,41.4,-0.438,0
22927.38,8.1,2943.75,7764.89,710,96.5,21.7,-0.203,0
78996.75,7.5,14086.05,25387.63,850,100.0,35.4,0.698,0
44666.37,6.7,13428.48,7368.18,629,78.4,57.8,0.408,0
30876.35,10.0,9980.0,3490.93,552,77.7,48.2,-0.105,0
51385.0,4.4,15223.84,2847.42,698,69.2,52.7,0.236,1
100751.3,12.4,54631.79,35589.77,652,90.5,54.0,0.077,0
15453.55,3.0,2968.87,1000.0,542,83.8,28.4,0.61,1
23785.91,7.6,9285.42,5235.61,577,63.8,47.7,-0.045,1
32611.25,3.3,2005.39,11458.51,640,100.0,27.4,0.079,0
121012.41,4.3,61065.72,59012.73,561,59.1,46.9,-0.279,1
63286.22,4.8,36868.15,6999.03,476,63.8,59.5,-0.047,1
82621.44,3.2,42597.19,20138.89,706,97.2,66.1,-0.959,1
28938.02,10.3,19103.64,7882.34,488,93.2,46.9,0.091,1
29268.15,3.5,10534.99,10803.5,513,74.0,42.9,0.351,0
69306.75,4.6,8789.21,26749.97,765,73.1,62.8,0.592,0
55940.89,7.0,25620.5,15209.08,696,90.4,17.7,0.168,0
73262.66,20.2,2860.1,34606.82,778,89.3,63.9,-0.128,0
48863.25,7.2,9147.85,17949.95,686,74.1,37.6,-0.288,0
63131.75,4.9,3522.08,26056.06,750,97.9,37.8,-0.166,0
59098.78,0.7,4433.31,27096.25,779,92.0,26.0,-0.559,0
83097.68,4.2,23614.01,35808.48,789,100.0,11.5,-0.088,0
84444.9,2.8,19231.21,23304.24,627,83.3,64.4,-0.429,0
22227.16,3.6,6313.77,2145.12,512,95.3,43.1,-0.209,0
15740.66,3.3,2253.23,1000.0,580,80.8,27.6,-0.072,1
93991.53,7.0,9327.27,15251.76,850,91.6,42.0,0.115,0
104114.74,4.1,34639.93,33638.42,786,89.0,28.3,-0.578,0
30904.51,2.2,8528.89,14835.49,654,95.9,0.9,-0.12,0
19478.97,8.7,8717.1,5777.12,650,91.3,31.4,0.24,1
57209.15,1.6,18298.72,7644.49,549,57.6,6.9,0.49,1
90396.52,4.7,20103.5,11990.89,757,75.2,39.8,-0.026,0
145608.53,4.2,30361.65,13732.9,747,85.2,66.7,0.769,1
71967.05,6.0,38549.49,36920.45,716,90.5,22.2,0.245,0
44159.17,10.0,23060.46,23514.79,590,95.5,50.8,0.022,0
33149.34,22.2,13338.16,9904.53,619,91.7,22.2,0.435,0
54518.65,4.9,9233.37,19599.66,751,74.1,34.6,-0.177,0
45954.38,2.7,22448.49,15728.7,636,96.9,17.4,-0.367,0
30999.08,2.5,0.0,1000.0,732,72.7,47.4,0.325,1
167178.2,2.5,37803.94,19953.31,826,100.0,61.9,0.186,0
144616.78,5.9,30192.65,30480.04,709,100.0,38.8,0.365,0
101197.24,0.5,5201.06,20965.31,850,83.9,45.7,0.357,0
32647.78,1.5,8241.6,10227.33,643,74.9,45.7,0.704,1
86704.46,5.9,11621.05,16039.72,743,74.3,30.0,-0.508,0
77018.01,9.0,21565.61,31586.87,701,68.7,61.1,-0.124,0
69106.23,9.0,22323.04,22666.8,628,71.1,24.6,-0.101,0
107722.73,5.1,23011.63,38682.18,748,81.5,3.6,0.408,0
76837.96,8.2,24512.76,43393.99,640,76.2,16.6,0.13,0
81390.01,10.2,28797.73,16630.77,614,61.5,47.3,0.41,1
76902.87,3.4,43173.7,28913.95,564,77.2,27.3,0.099,0
65344.94,9.5,880.89,6333.95,788,85.3,36.9,-0.006,0
20312.95,1.1,875.52,10359.09,549,79.3,30.2,0.238,0
56726.21,1.5,3036.72,24546.97,678,71.5,38.6,0.091,0
39898.52,3.6,10649.83,6986.99,568,50.5,56.9,0.136,1
26798.13,0.9,6268.49,6837.86,747,100.0,65.5,0.228,0
136625.53,7.0,36929.91,51685.41,799,83.4,15.6,0.152,0
140217.13,3.0,79560.68,52340.01,638,88.5,53.6,0.344,0
114413.15,4.2,0.0,36391.48,850,86.5,38.9,0.018,0
62340.55,4.4,7795.2,18409.92,850,91.0,10.5,0.059,0
113873.54,3.5,25558.0,45915.53,849,87.4,44.9,-0.35,0
54536.71,2.5,4943.88,8785.99,753,85.4,72.0,0.344,0
60569.0,6.8,32718.52,12399.39,610,94.7,20.2,0.599,0
29690.75,3.0,23771.71,12031.33,478,97.7,30.4,-0.631,0
67396.29,4.3,12438.17,23881.03,831,100.0,2.9,0.224,0
56005.9,6.1,9515.88,21377.06,566,72.4,32.7,-0.051,0
26464.02,10.1,8831.84,10601.38,600,87.5,38.2,-0.065,1
52672.12,9.6,19759.74,15046.67,605,61.5,74.5,0.22,0
51852.0,3.2,8359.79,30502.68,678,77.3,16.3,-0.01,0
145605.86,2.4,85746.02,72357.45,520,81.2,54.3,0.137,1
88593.82,11.5,55559.54,18700.22,615,94.4,41.0,-0.126,0
54518.48,3.0,15563.96,32123.49,586,82.4,79.7,0.527,1
62120.61,6.6,19573.83,8181.73,762,93.4,38.5,-0.082,0
55509.91,0.9,4748.65,27841.89,850,79.2,34.0,-0.266,0
48455.31,0.5,9590.65,13050.51,673,75.9,51.9,0.121,1
29871.65,4.9,8000.19,7832.14,537,72.8,44.8,-0.292,1
49857.36,3.9,6435.71,22543.2,662,93.7,53.7,0.082,0
35941.43,7.8,13553.21,7218.88,626,78.7,46.2,0.576,1
27236.86,2.5,2338.9,18668.86,665,50.0,5.5,-0.016,1
71766.42,5.8,2809.97,27583.93,850,92.9,45.4,-0.474,0
67184.35,7.5,15372.54,11739.43,652,71.0,45.0,-0.145,0
20278.39,2.6,6458.53,1323.68,704,86.7,20.2,0.284,1
50641.34,3.6,34045.27,14580.47,497,68.2,40.8,0.037,1
93679.6,1.8,46242.93,43930.07,646,84.2,0.0,0.245,0
97010.36,8.0,45493.23,47567.12,466,43.8,40.1,-0.221,1
95245.23,6.9,17522.4,15027.8,734,83.5,48.7,-0.144,0
55348.36,7.2,12030.09,6995.2,629,71.7,54.2,0.222,0
34037.74,3.9,6780.57,17081.81,534,66.3,49.0,0.564,0
29850.76,6.8,10340.46,8362.82,670,94.7,17.3,-0.136,0
65482.14,4.1,5144.14,4382.76,756,82.3,5.7,0.013,0
66742.95,12.8,12326.47,20921.83,685,80.6,53.8,0.385,0
109977.61,4.6,174.86,54603.65,762,73.9,43.1,0.046,0
99209.48,9.2,36960.45,18612.18,683,96.5,44.9,0.223,0
50376.21,3.9,28122.35,17556.27,490,77.9,68.6,-0.259,1
27328.54,11.1,6037.87,10107.06,697,100.0,2.9,0.001,0
45455.6,2.4,3047.59,1012.77,734,100.0,71.1,-0.217,0
61051.75,6.3,34164.84,6784.79,672,100.0,23.8,-0.59,1
48477.46,2.8,11662.95,6712.02,811,97.6,51.5,-0.31,0
39425.11,5.6,11466.69,11357.4,678,75.5,34.7,0.157,0
62260.76,3.0,14082.01,11747.19,621,84.7,28.1,0.193,0
41061.38,4.6,16239.96,16856.09,689,81.2,4.8,0.269,0
38352.07,3.3,5717.19,16726.75,812,95.7,21.6,0.178,0
64298.98,7.4,8435.94,4042.64,778,83.9,44.3,-0.078,0
43429.93,6.5,17735.08,25754.77,576,80.6,42.1,-0.642,0
61960.81,2.7,6249.55,30224.64,850,100.0,54.0,-0.4,0
62960.46,2.6,7569.03,10891.16,694,79.4,21.2,0.387,0
28949.67,2.2,8322.51,19520.66,652,75.3,49.9,-0.295,0
41577.62,1.8,15102.57,7003.55,684,78.4,36.3,-0.026,1
119464.83,7.7,71502.17,47001.22,702,99.0,47.7,0.022,0
28591.26,2.1,10454.05,2741.62,459,86.6,45.3,-0.485,0
16913.04,5.9,9986.77,10033.99,495,90.4,25.6,0.116,1
19457.45,3.1,7103.68,8478.01,609,87.3,40.0,0.535,1
55050.73,9.0,21447.39,28047.59,551,53.3,44.2,-0.007,1
55105.48,14.9,19111.68,30299.35,600,69.0,50.7,-0.094,0
50782.85,0.1,0.0,1000.0,705,80.1,65.1,-0.405,0
105641.27,2.3,1685.21,40816.72,832,88.4,22.3,-0.096,0
12455.79,3.1,5003.99,5193.38,470,70.2,11.7,0.189,1
67357.1,4.0,3094.56,9916.31,796,69.8,60.7,-0.002,0
127872.76,3.8,46950.96,22979.08,707,79.6,9.3,-0.154,0
29135.73,1.5,12621.59,13645.04,620,100.0,55.7,0.352,0
43963.12,15.1,0.0,15805.9,626,53.9,16.8,-0.092,0
35807.39,3.9,18032.91,1000.0,436,46.9,22.4,-0.15,0
33127.19,6.4,6999.51,16351.44,741,100.0,33.4,0.049,0
45277.07,6.6,1440.85,28676.16,771,62.6,6.0,0.457,0
118790.52,1.1,35988.37,27867.37,674,78.3,15.6,-0.054,0
148830.4,3.5,19387.29,42501.55,829,63.0,1.5,-0.31,0
45036.72,7.7,15710.73,14957.99,649,79.8,48.4,0.191,0
154474.32,11.5,44127.26,55045.73,759,82.1,34.8,-0.116,0
55246.88,3.6,56.48,13122.55,723,100.0,35.3,0.194,0
142134.64,1.4,14146.64,48636.87,774,94.1,33.8,-0.717,0
51466.47,2.9,32629.57,3454.35,394,66.0,34.6,0.013,1
58225.68,3.4,7546.61,14525.73,722,57.3,25.4,-0.087,0
66238.09,3.3,13725.78,12498.85,736,91.0,54.1,-0.336,0
311255.54,2.2,882.41,69198.54,850,76.7,0.0,-0.425,0
86526.59,1.2,5362.67,17561.94,740,73.9,6.1,-0.098,0
36717.34,1.7,8799.21,11627.54,755,100.0,62.2,-0.374,0
92313.79,2.9,7972.65,24775.96,715,59.4,40.3,-1.0,0
44399.88,7.6,5854.68,21261.14,750,78.9,0.0,-0.411,0
41383.49,9.7,10526.85,11285.4,651,92.8,41.4,-0.427,0
89297.68,5.0,15557.61,53387.64,687,67.5,3.2,0.01,0
55110.58,1.8,17486.52,3200.56,763,100.0,61.0,-0.416,0
63146.76,3.0,39130.45,16500.24,524,69.8,53.4,-0.0,1
54594.69,0.6,18140.59,6668.98,633,83.0,76.9,-0.334,1
65193.87,11.7,9819.76,28935.95,734,74.3,29.0,0.274,0
68441.27,2.7,4832.94,23743.65,762,45.6,10.7,0.131,0
18669.91,6.1,8586.91,6429.02,566,78.1,24.2,-0.105,0
78167.95,9.2,0.0,34913.61,819,95.1,24.6,0.05,0
31567.69,13.8,750.52,11149.62,664,69.5,42.7,0.201,0
24507.52,8.2,10563.89,10431.09,515,75.2,0.0,0.021,0
52463.54,3.3,24535.76,18631.82,603,76.8,34.9,0.049,0
56737.44,6.7,15965.14,30700.11,709,91.5,14.7,-0.738,0
36996.24,13.5,12164.81,20110.05,615,79.0,24.7,-0.181,0
85568.07,2.6,9503.45,35389.7,746,84.3,62.7,-0.273,0
25894.96,1.2,0.0,12399.46,668,84.5,55.1,0.368,0
43311.82,2.2,12853.67,24631.23,794,76.7,49.6,-0.137,0
39274.05,6.3,19972.95,23462.57,504,100.0,47.7,-0.236,0
52805.84,3.4,12433.09,6360.76,650,69.6,29.7,0.203,0
63156.77,4.3,30496.28,34461.03,564,93.8,34.0,-0.532,0
31121.65,7.1,22555.83,12423.77,554,100.0,3.5,-0.03,0
80688.83,2.2,12502.36,25812.89,686,82.1,10.3,-0.692,0
56086.55,4.1,2402.46,12206.18,766,84.9,37.5,-0.252,0
19137.97,3.0,3184.67,6732.64,613,91.4,12.6,-0.162,0
18449.17,13.2,4985.7,5597.85,576,78.8,48.8,0.51,1
53810.53,8.0,8927.34,24111.86,583,57.5,34.0,-0.052,1
47976.57,3.4,5182.84,8158.45,640,80.5,29.0,-0.312,0
51180.76,3.3,0.0,22044.23,759,100.0,22.9,-0.047,0
53348.95,14.1,5764.45,10355.35,765,92.0,44.0,0.504,0
61332.06,13.4,9668.45,22601.23,733,85.1,48.6,-0.719,0
91236.22,6.3,42043.59,30412.7,703,94.6,17.4,0.27,0
29404.19,4.4,4703.83,12773.07,706,82.0,24.5,0.133,0
28436.13,1.5,19080.59,7167.87,317,84.4,31.2,-0.041,1
29693.16,2.2,15934.39,1000.0,490,78.0,41.4,-0.109,1
63506.92,1.4,15134.09,19609.31,724,90.7,41.2,0.503,0
107443.57,9.5,40123.29,48313.38,705,76.5,33.0,0.251,0
42734.56,1.5,28129.65,25921.0,502,79.6,49.2,-0.363,1
13685.13,3.2,1877.41,9329.66,649,96.3,32.3,0.008,0
21222.22,0.7,7404.67,11490.86,618,81.3,7.1,0.436,0
34263.29,1.1,14353.51,6765.31,729,91.9,61.7,0.188,0
39864.8,7.3,13039.21,4841.5,674,93.1,54.6,0.092,0
43277.42,5.6,9785.11,25462.21,622,82.9,7.5,-0.456,0
55338.25,4.6,18391.54,13560.88,698,79.1,38.6,0.81,0
45639.99,3.3,15327.82,1564.37,557,65.5,61.0,0.253,1
96484.42,0.9,40493.97,30389.03,609,68.7,28.9,0.624,0
37353.82,2.9,9654.96,17471.02,565,92.5,50.4,0.105,0
33715.91,3.9,9907.85,4302.82,613,92.3,57.2,-0.006,0
70500.96,7.0,22814.94,5044.88,658,70.1,40.4,-0.226,0
23281.09,9.1,5739.28,8237.48,611,89.5,77.9,0.341,0
67126.25,7.5,23193.93,2587.61,626,87.0,48.0,0.524,0
57319.96,5.6,8893.18,6486.14,745,97.1,37.0,0.364,0
49956.44,4.5,1027.89,19255.8,786,100.0,31.7,0.789,0
129774.27,5.2,57532.75,72349.11,704,92.0,34.1,0.046,0
38475.84,2.8,21976.45,11719.07,426,74.3,23.7,-0.217,1
168242.89,4.8,42018.93,17028.4,797,94.4,12.7,0.09,0
47858.92,3.9,9890.56,17354.21,653,69.4,17.0,0.281,0
26839.8,17.9,9738.55,3126.74,647,100.0,32.2,-0.092,0
56300.34,5.3,25563.23,24765.45,546,66.8,51.1,-0.015,1
29973.39,0.5,0.0,13921.4,640,90.1,41.5,0.075,0
35829.77,3.1,6671.58,8828.18,653,84.0,38.4,0.173,0
67397.84,3.6,3086.17,33158.9,649,78.2,77.4,0.047,0
73538.93,8.2,3770.29,19201.81,773,77.3,68.7,0.074,0
38476.69,5.8,15182.95,17649.01,751,100.0,16.7,0.223,0
93253.12,5.6,51485.25,46042.83,654,91.9,49.1,0.269,0
102398.7,10.8,21639.83,22095.08,809,81.9,11.3,-0.173,0
119367.94,13.4,18346.92,35251.61,829,100.0,40.4,-0.643,0
72488.08,7.3,16332.81,36185.65,764,82.3,7.5,-0.363,0
114678.27,3.3,45453.3,36066.17,754,94.3,22.9,0.161,0
19255.67,3.4,4353.38,1000.0,593,65.2,47.5,-0.256,0
45485.61,9.9,17919.29,8012.46,560,66.0,25.9,0.093,1
33629.1,3.4,10079.96,13828.4,670,93.9,13.4,-0.02,0
57848.0,4.3,22085.72,16260.65,610,88.3,21.2,0.023,0
39565.11,3.1,19357.49,13065.85,681,100.0,16.1,0.172,0
49444.85,1.8,20891.86,11525.38,537,74.1,43.2,0.416,1
152542.14,17.0,61893.77,40231.23,736,93.5,59.1,-0.006,0
49348.08,4.3,31769.36,22096.53,481,80.6,31.1,-0.365,1
68021.95,11.9,20769.34,36011.85,704,95.9,55.6,0.109,0
47679.26,3.4,13528.04,17817.14,753,94.8,23.5,0.25,0
56480.02,2.6,12595.14,25004.36,728,83.6,33.0,-0.789,0
54355.94,6.9,12733.87,29664.84,693,73.6,70.7,-0.253,1
69326.2,9.1,41494.29,8710.22,557,79.3,31.4,0.01,0
102838.92,9.5,41638.05,22773.26,635,68.4,56.4,-0.168,0
134063.21,3.9,63648.35,6838.01,801,89.1,20.6,0.047,0
64234.2,7.4,12044.67,18028.72,575,44.7,34.6,-0.218,1
74925.59,2.9,27732.08,46060.13,754,75.9,17.8,0.328,0
28768.16,4.8,9137.16,5724.92,726,96.7,36.3,0.018,0
51620.17,3.6,6192.71,25522.72,692,96.3,39.8,-0.63,0
90867.64,3.2,49159.94,10052.0,718,61.4,50.1,0.256,1
87228.18,4.9,5435.65,24289.61,824,92.2,23.4,0.278,0
60863.28,1.7,8606.05,15851.6,576,68.0,31.7,-0.013,0
88213.62,8.6,40181.37,12277.83,584,78.7,58.8,-0.644,0
70963.55,3.2,15074.93,17160.13,775,94.7,10.8,0.316,0
104837.67,8.3,32666.37,36859.7,715,70.3,0.0,-0.358,0
63522.38,2.1,4812.08,22076.5,771,100.0,21.9,-0.126,0
44549.93,3.2,3080.78,22200.01,652,87.6,47.2,-0.201,0
65167.27,1.7,15719.93,31205.69,627,90.5,36.7,-0.504,0
12000.0,1.6,1457.76,3826.19,766,99.1,15.9,0.002,0
66875.45,2.3,6090.66,35324.23,826,96.5,36.4,0.071,0
12000.0,2.1,3754.05,5941.78,627,95.2,27.7,0.04,0
20996.17,1.7,14695.95,2642.61,373,74.8,3.7,-0.073,1
69457.67,4.5,14089.81,21700.38,671,68.4,28.2,-0.261,0
70448.78,6.8,19649.36,22108.86,632,80.0,49.9,0.514,0
28585.77,7.1,7635.04,12878.55,622,90.6,29.4,0.065,0
36619.78,0.8,9603.23,16854.42,706,66.0,4.7,-0.327,0
115127.74,3.6,33680.7,62044.4,712,92.2,69.5,0.154,0
41513.89,3.3,5769.96,14620.9,732,89.2,15.1,0.128,0
186019.39,11.0,30306.23,87468.13,812,81.5,42.5,0.215,0
54119.19,3.7,21210.43,23474.63,675,84.9,51.7,-0.011,1
67806.94,4.2,20185.2,27552.85,656,84.9,43.4,-0.218,0
131831.64,1.2,27857.03,24610.24,850,90.2,30.4,-0.479,0
58224.7,2.3,29042.46,10566.05,650,94.4,0.0,-0.186,0
31216.77,1.1,8207.1,2214.27,837,100.0,58.4,-0.58,0
51003.52,4.7,6563.97,26627.47,831,86.4,11.7,0.105,0
53125.59,11.2,9645.34,10119.48,669,75.0,54.4,-0.562,0
25575.55,2.3,9497.56,1000.0,482,57.3,57.2,-0.124,1
47065.35,3.7,5841.29,16184.37,779,64.3,10.6,0.255,0
36018.73,2.1,8507.96,7158.48,675,73.4,10.3,-0.085,0
90074.89,2.7,28633.88,48480.84,796,93.7,27.1,-0.021,0
55217.57,4.8,17480.14,13818.73,760,78.5,53.4,0.155,0
46372.52,14.8,13389.1,11211.86,698,89.7,23.0,0.18,1
51103.07,10.8,4824.79,15433.52,648,73.8,36.9,0.363,0
61249.88,13.0,20487.93,24566.36,709,90.4,25.0,0.197,0
76057.72,8.4,19160.26,14195.42,795,96.2,50.7,0.125,0
31261.99,3.7,675.71,1671.7,736,78.4,22.3,-0.687,0
30550.21,3.3,11309.32,16312.85,550,90.1,20.6,0.085,0
99466.24,2.3,53777.66,40206.38,649,77.8,14.4,0.58,0
43183.54,3.6,21825.5,14489.58,646,66.8,13.7,0.227,1
24853.08,11.3,7091.6,12328.84,564,91.8,56.3,0.339,0
69154.4,11.2,13122.89,37241.8,714,89.8,27.8,-0.236,0
69902.27,18.4,27036.36,8504.06,692,92.3,16.0,-0.024,0
23344.26,5.1,5120.88,1000.0,757,97.4,1.6,0.198,0
61464.49,1.5,12145.17,7581.18,570,80.5,29.6,0.155,0
81191.89,6.5,51292.46,12081.67,614,81.5,18.6,0.277,1
66563.56,14.9,0.0,5779.83,824,80.0,14.8,-0.397,0
76694.85,12.3,38630.51,35825.72,668,88.8,19.5,-0.278,0
25025.54,3.0,5116.04,13523.28,526,82.1,37.4,-0.453,0
64995.42,1.6,17374.93,23763.2,743,85.8,11.8,0.091,0
45869.66,1.6,10158.75,21139.72,585,73.9,28.9,-0.066,0
41542.21,2.5,17792.43,12779.18,555,69.6,52.7,-0.068,1
87448.52,2.8,27677.17,34042.58,633,71.3,23.9,-0.238,0
122222.81,3.5,16503.87,39377.93,850,89.8,13.7,-0.295,0
145350.53,7.1,53222.49,76930.24,726,83.4,56.1,0.001,0
111652.24,3.4,30765.68,39300.24,658,77.1,33.2,0.388,0
51003.33,4.6,13257.63,20815.83,747,93.3,31.5,0.549,0
65775.06,1.0,11489.17,15700.56,764,100.0,45.4,0.55,0
82598.98,2.3,34204.05,34704.56,682,77.1,33.3,-0.164,0
57910.15,2.2,12131.52,7987.28,684,68.8,36.4,-0.414,0
58216.28,0.9,11051.53,36049.16,850,97.2,3.6,0.309,0
85226.2,3.3,36714.91,8939.74,730,84.2,18.2,0.446,0
52438.41,1.1,19964.42,22039.49,630,81.4,72.2,0.146,1
36275.29,3.1,11176.08,1000.0,569,98.2,14.2,-0.008,0
43132.83,4.9,5638.72,1000.0,676,80.3,36.4,-0.219,0
76776.26,11.4,21917.98,14234.12,624,89.6,69.8,0.212,0
54265.63,2.1,19784.7,11664.94,540,86.2,48.7,0.201,0
65324.05,4.8,29696.8,27258.13,740,100.0,40.8,0.099,0
78318.85,2.6,11123.65,29840.26,740,82.1,19.0,-0.387,0
44083.34,1.0,1808.45,1000.0,850,97.1,22.5,-0.348,0
82119.97,11.5,9682.4,27722.9,754,80.5,28.8,-0.033,0
66726.9,5.0,28482.48,7247.23,648,90.3,41.7,0.365,0
27470.08,6.3,8600.81,5353.68,571,81.3,60.5,0.318,0
119762.71,12.8,39301.04,54355.53,810,95.1,37.4,-0.14,0
41134.0,3.1,3726.87,22889.96,788,82.7,23.6,-0.639,0
21800.7,1.4,13320.6,10017.01,451,91.0,33.1,0.467,0
30492.19,2.1,8416.75,7745.79,543,73.4,45.4,0.434,1
30897.33,1.3,6547.27,6320.57,617,72.8,41.7,0.043,0
55753.49,9.5,23614.18,25127.45,648,57.7,30.0,-0.15,1
46601.23,15.3,11877.45,7143.07,713,89.1,12.6,-0.108,0
45014.61,4.8,9366.68,7797.57,589,74.9,56.5,0.326,1
76178.62,7.3,10315.72,21484.0,778,100.0,29.8,0.188,0
65312.03,8.6,26546.15,31726.55,621,77.4,39.9,-0.15,1
64461.69,13.3,15503.0,23488.71,779,100.0,21.5,0.771,0
67873.82,14.8,27693.71,39462.5,695,100.0,21.0,-0.535,0
76029.3,0.7,32109.86,20791.7,712,80.6,44.9,-0.211,0
16994.17,2.7,6806.86,1000.0,469,73.7,9.7,-0.203,0
44336.3,4.4,22262.94,9570.77,674,82.1,11.7,0.037,0
16332.05,2.4,3577.78,10029.98,611,99.9,65.2,0.396,0
55261.57,3.5,13240.39,15494.56,701,100.0,51.5,0.29,0
54038.49,6.0,28203.38,21147.38,386,66.7,43.3,0.044,1
96282.59,5.9,21692.68,37457.15,758,84.2,13.5,-0.464,0
104109.54,8.4,7464.69,51305.85,791,75.5,39.4,0.334,0
60568.26,4.5,24146.99,29191.67,637,78.9,33.5,-0.397,0
41142.68,0.3,14352.04,11587.43,726,100.0,26.2,-0.141,0
70745.1,3.3,0.0,31872.09,750,73.2,33.2,-0.026,0
40523.82,5.6,7204.03,7625.68,683,61.5,6.4,-0.283,0
54134.88,8.8,15062.57,24252.77,688,86.8,0.0,-0.289,0
93188.07,8.0,38574.2,37640.56,739,89.3,40.9,0.31,0
39863.87,4.0,12332.99,6831.46,680,78.1,38.2,0.509,0
84383.17,2.5,8828.26,24731.64,775,74.5,40.0,-0.026,0
78634.89,4.2,39938.54,42400.99,673,86.2,50.4,-0.623,0
32043.98,0.8,15055.9,17640.42,471,65.1,45.2,0.098,1
92562.72,2.7,1972.99,34247.06,800,89.9,64.7,-0.244,0
79555.6,10.0,48572.4,39841.78,557,79.1,58.6,0.126,0
57300.19,4.2,19459.34,16896.62,788,100.0,36.2,0.103,1
35622.12,5.7,15976.57,9501.03,599,88.5,38.2,-0.659,0
33773.67,1.2,10852.8,9225.19,549,81.9,39.5,-0.137,0
40307.21,8.8,14608.42,1085.45,641,80.8,4.3,0.216,0
73015.49,3.9,21867.91,26603.56,577,56.9,53.4,-0.033,1
32029.29,5.6,13230.5,13345.11,573,82.3,46.7,-0.384,0
68915.18,6.5,39897.46,10632.21,615,81.2,1.8,0.23,0
27365.39,8.6,9669.26,8296.84,502,84.7,66.0,-0.583,0
48424.55,5.0,14273.03,19605.69,603,81.3,26.4,0.082,0
57544.06,4.0,12436.49,25391.18,734,100.0,32.5,-0.189,0
207901.89,1.5,13190.8,118894.87,850,80.2,32.1,0.152,0
25399.29,1.1,9434.23,1278.78,403,72.2,31.6,-0.08,1
121735.75,4.9,49602.5,50387.97,624,60.7,82.9,0.17,1
58830.36,5.6,23637.69,11687.28,720,77.8,29.8,0.476,0
67923.99,6.3,40577.66,7094.72,607,69.3,28.5,0.243,1
57820.08,2.2,14008.15,20132.63,649,65.8,35.4,0.237,1
69189.18,2.8,0.0,23575.37,796,79.6,18.0,0.204,0
49785.21,4.8,10134.62,21980.8,778,99.9,40.8,-0.601,0
120538.88,3.1,18887.19,20597.07,850,97.1,18.6,0.028,0
42147.93,19.4,25940.35,15334.89,495,66.1,45.0,0.094,0
100985.18,2.7,31925.29,27683.72,767,84.5,14.1,0.194,0
38009.75,5.9,31635.76,4754.04,544,89.9,23.3,-0.03,0
52410.46,7.8,19082.92,3502.14,701,92.2,14.9,0.25,0
30044.07,8.2,10817.25,5833.54,656,100.0,24.4,-0.336,0
69582.13,3.0,31281.82,13468.83,678,67.6,0.0,0.697,0
119948.68,6.5,4070.92,56028.66,818,71.6,0.0,0.195,0
51919.73,6.0,0.0,7030.42,850,74.7,28.6,-0.322,0
48616.24,6.7,7447.17,23272.71,770,89.1,4.3,0.474,0
29347.44,4.8,10462.05,8694.79,440,45.9,69.7,-0.391,1
47757.39,7.9,10607.58,9481.28,726,80.8,27.8,0.003,0
22560.66,5.2,4310.87,7889.64,603,59.0,49.2,0.04,1
32791.25,1.3,15719.12,11844.42,505,84.0,41.2,-0.143,1
61373.43,5.1,13668.41,22203.75,686,100.0,13.7,-0.043,0
111910.78,5.6,3713.92,13254.16,850,96.6,26.6,0.022,0
253994.01,7.5,41064.8,114559.7,829,66.8,49.8,-0.376,0
39237.11,4.9,6547.67,10494.2,618,78.1,48.5,0.096,1
119302.2,13.6,42645.33,39407.66,681,71.5,52.3,0.001,0
61948.82,4.1,9676.53,18456.77,791,100.0,21.9,0.68,0
49851.99,2.9,22083.67,10501.16,408,53.2,46.7,0.519,1
68729.03,10.8,30579.48,1000.0,663,77.9,22.9,-0.257,0
56053.06,4.0,7967.63,4198.15,743,74.2,55.2,-0.049,0
57567.74,4.6,2035.53,7216.83,721,67.6,54.6,-0.243,0
43278.74,5.6,13005.79,15791.26,748,100.0,7.5,-0.089,0
25110.46,5.2,2320.04,1686.31,568,62.1,40.5,0.301,1
23179.1,6.7,8157.5,10511.27,541,67.3,13.1,-0.036,0
77597.05,7.2,6658.39,40345.56,849,100.0,51.6,-0.175,0
46528.25,2.7,14462.94,10079.3,583,82.6,12.4,0.212,0
39032.55,1.6,19726.3,9583.81,483,81.5,41.5,-0.678,0
54430.4,1.8,13072.1,16108.05,556,75.2,49.8,-0.135,0
83885.89,10.1,7794.2,43512.95,849,84.0,36.3,0.479,0
59826.27,3.7,7152.18,22882.58,698,78.0,52.2,0.496,1
37766.2,7.8,8968.41,8254.3,690,73.7,40.9,0.457,0
106346.84,7.3,12750.89,64688.26,717,64.4,66.3,-0.431,0
129127.04,4.6,38837.66,37967.67,850,84.6,13.0,-0.434,0
71111.63,2.1,5723.48,10762.17,850,75.6,27.3,-0.173,0
92550.98,7.4,716.01,45714.53,818,77.4,0.0,0.004,0
107267.18,4.5,7288.22,54434.57,850,93.2,29.1,-0.257,0
100866.65,1.5,36685.78,37459.16,646,76.9,11.3,-0.588,0
75944.23,3.1,6262.72,12503.23,850,82.5,7.3,0.325,0
75289.12,1.0,14637.99,22786.04,850,100.0,3.9,0.266,0
72100.29,3.2,23663.06,14819.58,842,89.4,25.5,-0.207,0
29627.68,4.8,9003.58,9430.09,667,76.4,40.1,0.249,1
79650.03,4.1,32485.34,14274.76,649,68.6,44.6,0.33,1
25701.44,3.7,5574.17,11006.4,627,82.1,55.0,-0.833,0
34995.34,4.7,11276.32,19614.53,622,95.0,53.9,0.225,0
110963.96,6.4,64793.33,65578.73,738,75.7,12.4,-0.021,0
86001.59,8.2,47017.21,41068.69,611,83.4,20.1,-0.88,0
122770.13,9.0,38793.67,11528.38,683,75.4,38.9,0.356,0
46657.04,2.4,9370.45,14509.14,600,78.3,39.2,0.028,0
28746.27,9.6,9144.78,5172.72,566,66.1,62.6,-0.559,1
47465.55,4.5,11447.84,16706.11,755,86.9,29.2,0.139,0
57303.51,3.4,16137.97,10347.72,705,85.2,50.4,0.063,0
56581.86,1.9,12577.13,30556.66,779,100.0,32.1,0.189,0
101065.52,6.1,38744.24,27821.26,642,84.6,42.2,-0.677,0
44413.61,5.9,10888.24,1000.0,651,73.1,42.8,-0.105,0
65750.26,2.9,24304.88,16827.92,799,100.0,34.6,-0.343,0
31453.17,2.9,5765.16,18189.87,622,88.2,15.5,-0.057,0
69402.25,4.0,28209.88,24982.88,587,85.7,40.5,-0.594,0
54269.07,3.4,1633.16,7129.97,776,82.9,47.9,-0.391,0
35868.07,2.3,14694.69,13990.67,650,85.2,37.1,0.539,1
47586.0,1.7,14573.75,23294.38,717,71.0,0.0,0.407,0
48957.28,9.6,27517.03,1000.0,613,81.9,31.5,0.34,0
46696.04,3.1,6988.93,21278.25,700,79.9,48.6,0.515,1
143521.15,5.9,55543.34,62194.73,686,88.0,15.4,-0.654,0
51320.97,6.7,27297.49,20091.06,634,98.6,56.3,-0.02,1
47375.34,6.1,5723.39,9978.85,836,96.5,22.7,0.085,0
17092.62,7.0,2576.9,9036.25,607,90.2,28.6,-0.136,1
33129.72,6.1,11344.16,12993.9,528,58.9,39.1,-0.651,0
46878.27,2.6,10050.82,5495.11,542,76.9,16.6,0.309,0
37152.3,3.5,22091.97,9721.06,422,57.5,53.2,0.216,1
115836.98,9.5,26373.87,26684.41,850,98.2,60.3,-0.217,0
49478.04,3.0,16839.01,6724.89,637,81.3,13.0,0.296,0
110044.97,4.5,33730.39,47531.49,677,80.9,31.3,0.044,0
56046.53,6.4,16147.65,23854.93,714,73.4,72.9,0.222,0
55297.08,11.8,24929.86,9405.33,664,100.0,57.0,-0.32,0
51594.07,8.9,22316.91,27326.06,676,84.4,2.7,0.084,0
54289.6,2.1,13481.52,21353.83,675,81.4,58.3,0.087,1
139432.69,5.8,71219.61,16006.73,697,84.8,0.0,-0.081,0
15126.66,5.3,7772.94,8740.9,450,85.8,47.3,-0.936,0
18018.42,3.6,2010.72,7010.17,747,81.1,17.9,0.06,0
40185.28,4.6,16222.76,14928.85,605,100.0,44.2,0.084,0
54610.99,2.6,5041.41,10977.66,850,100.0,39.9,-0.331,0
79186.21,3.9,8803.32,37915.68,801,84.3,37.7,0.2,0
70276.87,3.0,6786.76,28295.3,752,72.1,46.7,0.086,1
43855.91,4.8,9173.4,12724.55,610,87.6,25.1,0.143,0
94890.04,3.5,31366.89,18673.01,734,74.7,23.0,-0.132,0
95473.83,12.4,13280.89,26397.53,815,100.0,53.6,-0.598,0
59947.94,5.0,11509.56,16260.54,678,100.0,35.1,-0.59,0
91992.44,4.3,45753.25,20588.24,699,93.1,23.6,0.241,0
62941.12,3.8,25930.16,6559.41,579,66.8,31.4,-0.383,1
39782.58,3.5,12072.4,12629.58,645,76.5,29.7,-0.279,0
79522.82,1.5,28715.32,35211.47,627,80.2,28.1,0.294,0
57574.63,7.8,9298.98,15357.14,641,71.3,43.9,-0.748,0
54216.3,10.9,17170.99,12620.53,675,78.8,17.6,-0.562,0
121798.64,3.0,7135.37,14166.21,793,86.3,65.4,0.276,0
14073.1,9.4,0.0,2554.37,649,90.4,39.5,0.03,0
24841.57,19.3,8731.98,3788.66,630,100.0,0.0,-0.698,0
28200.96,14.9,6743.03,1000.0,621,82.7,40.5,-0.154,0
44365.02,10.5,1563.47,23706.06,774,78.8,16.4,0.062,0
47097.04,1.7,5487.27,10996.0,693,65.0,34.4,-0.386,1
23646.51,1.7,8189.58,1000.0,564,87.9,32.0,-0.506,0
31513.24,7.0,15136.0,10959.36,444,76.7,48.6,-0.591,1
33743.3,4.5,10270.96,7067.59,552,80.1,48.3,0.296,0
209312.42,0.6,66839.23,54318.97,717,75.1,39.4,0.365,0
145941.05,3.3,30818.54,16559.33,799,75.5,73.2,0.264,1
43197.5,6.8,15039.12,17426.53,716,93.1,20.5,0.431,0
44357.15,4.0,0.0,12010.22,749,82.3,62.3,0.448,0
28794.45,4.5,9244.58,12442.69,602,100.0,62.9,-0.531,0
18968.37,1.7,3730.76,8211.6,647,67.4,41.7,0.35,1
50803.26,3.2,26275.53,19694.73,670,100.0,44.2,0.039,0
31293.99,7.0,15033.61,9037.11,416,76.2,54.0,0.665,0
51706.16,3.1,13021.86,28811.87,794,82.3,28.7,1.0,0
22468.89,9.9,10953.91,15172.29,543,90.0,24.9,-0.068,0
35628.96,4.6,10801.35,13968.39,736,97.4,25.9,-0.107,0
58791.05,6.1,2185.63,28134.15,836,98.0,40.8,-0.134,0
66264.88,6.9,32861.99,18665.56,613,97.7,25.6,0.025,0
68159.76,6.7,19005.67,1872.75,687,80.1,20.6,0.081,0
26205.67,2.0,12253.08,9456.94,474,100.0,14.3,0.923,0
86688.56,2.3,12824.22,27278.98,765,91.7,15.3,0.05,0
34887.49,0.6,427.17,10423.0,637,41.9,22.2,-0.15,1
76731.83,3.5,9017.35,13133.25,792,83.9,22.7,0.005,0
53860.29,2.2,2712.94,6405.11,698,78.1,37.1,-0.289,0
25412.26,3.0,12648.33,3638.06,514,79.0,19.5,-0.587,0
45528.39,3.8,19459.61,6933.25,634,92.3,44.8,-0.052,0
66234.06,5.1,15224.08,1117.85,730,87.7,74.4,0.817,0
75896.89,4.0,34703.08,1000.0,562,74.0,60.0,0.311,1
50134.1,4.0,5845.61,22313.92,791,100.0,13.8,-0.168,0
125803.74,5.7,55890.17,31265.54,595,65.4,29.0,0.123,1
94290.05,4.4,28898.81,43537.9,626,64.5,9.6,0.88,0
47044.08,8.1,19520.96,23396.18,620,68.2,38.9,0.07,1
81843.73,4.4,18260.45,13868.61,847,89.7,40.1,-0.312,0
156934.91,11.9,0.0,46368.5,850,88.6,38.5,0.024,0
159255.73,1.9,51889.18,49461.57,739,72.1,14.0,0.225,0
27573.21,3.5,4524.24,3222.73,614,75.1,22.0,0.146,0
32545.9,2.7,9513.62,6684.57,689,83.4,54.1,0.508,1
122602.82,5.2,43646.17,47133.81,467,68.5,42.9,0.035,0
30271.0,1.9,17365.42,14826.42,730,94.6,17.6,-0.82,0
26176.11,1.2,1136.88,1000.0,771,100.0,9.3,0.165,0
41464.51,2.3,19037.48,17570.14,408,81.0,33.5,0.141,0
68263.1,1.3,8365.04,18477.29,850,88.3,32.5,0.119,0
51209.58,3.9,13995.91,27768.65,558,85.0,9.3,-0.297,0
37880.43,5.0,12428.58,23034.17,554,100.0,28.8,0.698,0
37390.92,1.1,0.0,12422.9,733,100.0,25.3,-0.381,0
36615.05,3.3,25702.53,5444.24,480,78.4,23.3,-0.343,1
33398.61,8.9,14756.79,21894.39,632,83.9,26.4,-0.08,0
190022.56,10.6,42776.09,60353.8,845,95.5,40.5,0.464,0
63807.82,7.4,27781.65,13074.74,617,88.3,36.8,0.479,0
88231.34,0.4,34883.21,34961.93,604,70.7,60.1,0.224,0
41398.81,4.7,5410.45,4225.08,613,58.1,39.0,0.313,1
48909.35,9.6,1215.57,15841.27,774,75.1,51.1,-0.456,0
36590.55,3.1,17139.2,9998.01,684,88.0,8.5,-0.595,0
12601.36,1.6,4381.54,2352.54,448,77.9,38.0,-0.13,0
25389.6,9.1,4605.16,5186.0,592,68.7,27.6,0.31,0
20013.45,10.0,4993.57,13945.38,491,75.3,49.5,0.319,1
15718.9,4.4,4136.49,7378.71,643,100.0,40.1,-0.304,0
28072.69,1.6,11937.09,9881.12,484,67.6,66.5,-0.342,1
112277.15,0.9,34092.83,39977.91,781,79.0,16.4,0.409,0
52868.35,5.6,0.0,9915.75,806,76.2,20.8,0.067,0
110173.32,2.7,4294.89,49991.83,850,100.0,41.8,-0.725,0
67916.92,4.2,21196.87,18867.21,613,62.8,32.4,-0.393,0
83316.96,3.8,24317.52,31674.95,711,72.5,16.1,0.17,0
33008.05,2.2,7544.36,1000.0,755,84.4,42.5,-0.415,0
72270.62,0.9,17183.25,42351.02,729,85.8,25.1,-0.345,0
80885.74,3.1,10171.16,38563.38,806,99.2,44.0,-0.332,0
39452.16,4.9,27646.32,8054.66,728,97.7,1.0,0.306,0
73699.2,5.0,29231.12,20709.78,646,73.6,29.1,-0.003,1
73969.14,2.5,21194.46,23734.86,838,87.9,38.1,0.587,0
40044.48,9.9,17852.44,22322.68,563,81.0,38.4,-0.15,0
29216.16,1.7,8807.67,13204.22,547,77.1,49.0,-0.074,1
28246.63,8.4,6214.3,10246.45,600,97.7,30.1,0.117,0
56816.27,4.7,1324.25,36951.44,814,87.0,44.0,-0.219,0
64851.51,3.1,9457.98,11349.49,843,100.0,33.6,-0.559,0
35035.28,6.1,3423.27,1000.0,711,90.1,49.7,-0.123,1
54974.35,3.7,18789.02,18493.62,758,96.4,4.2,-0.262,0
74146.29,1.2,36776.02,16398.33,628,45.5,0.0,-0.044,0
76115.32,1.6,30809.45,26845.09,542,84.7,60.1,-0.209,0
127202.31,3.5,17380.94,30963.43,850,89.5,23.6,0.158,0
109353.33,2.8,43135.01,53137.4,850,90.8,0.9,-0.123,0
31234.85,8.3,8964.38,10983.12,662,100.0,31.8,-0.566,0
136758.57,2.7,58638.65,30118.32,664,92.2,24.6,-0.218,0
40455.7,2.6,26841.06,15487.74,534,66.6,42.4,-0.421,1
96247.67,2.3,14938.92,41736.4,806,91.1,44.8,0.673,0
56240.51,2.2,5996.5,10637.96,787,95.3,26.7,0.016,0
43187.99,2.2,10214.59,23407.7,603,75.0,53.6,0.234,1
20045.64,1.4,4242.51,7310.35,682,77.8,10.8,-0.034,0
49298.04,4.9,11633.68,6027.36,723,94.6,0.0,0.642,0
22979.07,3.9,6389.34,13160.83,683,83.6,38.0,-0.441,0
92227.59,3.8,29360.75,28275.88,776,98.9,29.8,-0.277,0
124771.08,1.0,681.34,23897.79,850,86.2,0.0,0.39,0
34950.88,5.7,9907.18,1000.0,585,53.0,47.2,-0.181,1
63964.52,6.1,19232.06,27997.97,666,84.4,1.0,-0.262,0
36353.1,11.5,22301.77,14634.38,523,78.0,32.8,-0.197,1
38343.24,5.9,10145.21,12127.88,648,92.2,50.3,0.676,0
82948.24,13.0,16233.37,12615.86,783,89.6,40.1,0.716,0
53040.12,2.5,9361.11,5658.96,671,70.4,39.0,0.143,0
141041.07,11.9,11972.22,51751.14,817,86.4,25.5,0.069,0
41554.96,6.0,0.0,12953.34,814,91.1,38.4,0.274,0
93867.08,5.5,46861.09,25776.26,545,89.9,45.2,0.137,0
57158.16,3.7,24504.64,19333.07,695,97.3,22.1,0.062,0
83924.92,3.1,7869.09,32168.84,850,69.3,12.4,-0.158,0
42364.38,2.6,12005.77,20205.88,729,81.5,50.8,-0.215,0
52719.6,12.2,11614.79,18556.66,584,52.5,72.0,0.174,0
50841.88,3.6,2481.06,15294.31,742,100.0,64.9,0.049,0
34206.42,6.1,6686.5,11597.85,702,85.4,0.0,0.514,0
77975.1,7.1,31011.27,21201.92,698,82.4,60.0,-0.091,0
77469.3,7.0,25951.22,23366.79,669,82.2,22.3,-0.324,0
75090.93,4.9,45238.25,7099.12,609,90.7,71.0,-0.511,1
126163.14,11.8,43220.05,19171.22,786,98.6,14.2,-0.269,0
120227.33,5.8,32737.78,41432.96,762,79.9,12.4,-0.503,0
44080.84,2.6,11317.21,3572.3,656,89.7,34.0,0.402,0
66514.73,3.3,11352.45,23190.22,793,89.6,27.0,-0.149,0
38446.37,1.1,3261.39,10662.65,678,53.2,28.0,-0.269,1
54876.77,5.3,9985.27,12657.86,792,74.1,53.9,0.168,0
38954.04,6.5,10626.72,15030.17,637,90.1,59.7,0.682,0
132063.57,6.9,78273.06,35992.92,742,100.0,16.1,-0.149,0
66173.41,6.0,20617.23,5241.77,766,100.0,67.8,-0.397,0
48054.16,3.7,29548.04,18464.5,526,66.9,10.4,-0.138,1
104452.76,4.3,22746.0,29309.02,829,98.0,22.9,-0.651,0
16418.46,4.3,5837.88,10416.98,564,98.5,85.7,0.18,0
17894.41,8.3,2405.91,3983.34,604,89.8,42.4,0.202,0
83927.72,0.7,12804.55,37887.46,720,55.7,21.9,-0.154,1
56008.44,3.0,33142.54,25012.41,495,76.5,40.3,-0.392,0
62177.31,1.8,14010.05,14058.31,684,85.5,49.1,0.84,1
26120.67,14.9,1938.61,10793.99,720,80.7,41.7,-0.43,1
53488.47,9.4,32396.36,20062.26,448,53.6,60.6,-0.263,1
163069.24,3.1,48545.88,46917.21,809,80.3,17.7,0.012,0
85247.14,1.3,19688.37,19602.63,525,71.0,21.9,0.301,1
59476.62,1.6,0.0,31168.67,850,92.3,17.2,-0.053,0
42553.63,8.2,18483.89,18524.64,723,90.7,18.4,0.012,0
43607.52,1.0,22379.23,25546.88,535,91.3,35.8,0.214,0
16796.76,4.3,7495.64,9576.23,578,78.8,13.7,1.0,1
62423.82,7.4,26085.99,27486.94,615,84.3,40.8,-0.203,0
86250.89,1.5,19587.63,34271.28,611,82.8,47.7,-0.178,0
22774.79,4.3,7165.46,16925.67,618,96.8,10.5,-0.038,0
37654.99,3.1,8649.81,16482.08,611,76.5,22.4,0.238,0
28663.92,2.8,9530.54,5390.18,588,73.4,24.8,0.884,0
31858.42,2.4,11157.93,1000.0,627,97.5,30.6,-0.039,0
55793.63,7.8,16321.87,18327.3,673,95.5,31.7,0.194,0
17215.73,10.8,7463.71,5969.27,530,90.5,53.1,-0.756,1
75951.38,3.5,10518.83,37659.66,850,100.0,54.6,0.023,0
82011.95,5.5,9223.76,37397.27,850,100.0,18.8,-0.005,0
47187.94,4.3,23334.37,16069.22,636,100.0,48.8,0.357,0
13844.04,0.8,6666.99,6832.92,411,73.5,62.5,-0.181,1
31318.67,3.4,10788.84,7066.58,652,95.6,59.2,-0.428,0
106734.11,0.6,26865.98,22752.94,719,85.5,39.1,0.08,0
12000.0,2.9,4752.12,5133.36,525,76.1,33.9,-0.546,0
44750.69,4.2,20150.4,18222.72,524,73.6,6.9,-0.281,0
28310.83,7.0,12920.0,8192.86,490,87.8,26.7,0.019,0
84331.75,5.2,6301.36,17934.02,850,95.4,5.1,-0.839,0
37372.38,7.9,6590.91,14578.42,658,100.0,57.8,-0.089,0
67654.88,2.1,16458.13,14411.31,697,93.4,29.7,0.553,0
73939.56,9.9,40662.56,34134.26,607,92.0,33.3,-0.564,0
148735.41,10.8,74464.08,72343.33,728,81.1,22.7,-0.239,0
48454.57,0.6,17891.84,19286.75,615,87.0,6.8,0.206,0
66624.28,1.0,17241.7,16966.47,742,63.1,49.3,0.285,1
23937.93,4.1,1604.21,1000.0,736,91.9,45.0,0.02,0
104268.8,2.7,43128.25,45668.52,718,90.0,53.7,-0.065,0
35657.69,3.1,341.24,18531.79,850,100.0,0.0,0.579,0
39798.53,5.2,25051.26,1302.22,447,83.4,61.4,0.074,1
53517.49,8.1,20947.65,23512.18,696,100.0,32.5,-0.37,0
22934.87,2.0,11787.66,9640.4,317,77.4,50.5,0.042,1
61440.44,9.0,29244.8,1000.0,686,100.0,0.0,-0.047,0
92236.06,2.4,53093.67,47550.6,578,100.0,43.2,-0.154,0
63647.39,16.2,19632.38,34422.15,759,99.8,33.5,-0.588,0
22609.07,9.9,4206.66,6614.68,679,84.8,30.6,-0.002,1
50610.02,2.6,25464.7,10602.26,572,80.9,33.0,0.204,0
81480.25,1.3,31121.82,29554.29,850,78.8,23.1,0.263,0
19285.45,2.6,6246.07,9014.21,495,70.4,6.8,0.004,1
29997.78,2.3,2759.53,8823.21,652,90.5,9.7,0.012,0
87737.0,6.4,28518.88,15698.1,677,80.5,35.5,-0.196,0
62852.91,0.6,2053.3,23547.93,804,89.4,61.2,0.339,0
67953.87,1.0,1787.93,14679.33,850,86.4,57.1,-0.416,0
150651.14,6.3,60509.31,62533.8,736,69.0,39.6,-0.182,0
70101.82,2.2,27201.09,33154.03,699,98.9,25.2,-0.282,0
77795.46,2.9,24719.4,1955.08,743,85.3,76.3,-0.039,1
240604.56,7.3,87474.47,40688.33,800,96.1,48.6,0.459,0
48165.94,8.4,28761.9,15072.06,621,67.7,46.9,-0.416,0
34932.21,9.6,8260.05,13917.09,689,73.3,8.4,0.098,0
68547.9,6.9,11838.36,17756.8,627,78.5,40.1,0.106,0
68971.25,3.6,33354.66,6795.25,639,87.4,10.2,-0.337,0
40550.63,3.4,2053.54,21530.23,641,82.6,76.6,-0.067,0
30705.03,3.1,8902.73,10224.81,824,100.0,18.2,-0.314,0
192994.01,1.5,30718.34,71816.56,839,98.5,22.9,0.035,0
64845.57,2.0,15778.49,18536.55,538,73.8,22.0,-0.041,1
36215.52,8.8,10708.02,1000.0,731,100.0,27.6,0.527,0
89658.35,2.4,21645.34,30662.48,532,82.8,48.4,-0.268,0
51019.86,1.5,2739.43,16374.85,777,100.0,35.1,-0.06,0
47141.79,9.3,9392.46,18127.14,716,80.0,35.8,-0.131,0
73810.04,4.9,18453.48,23902.29,714,92.7,49.4,0.475,0
26621.24,12.4,17383.97,6676.18,584,97.3,4.7,-0.172,0
65771.7,11.5,12080.34,21803.13,673,62.9,50.0,-0.312,0
155146.51,1.6,64224.92,49801.42,719,100.0,37.7,-0.272,0
70010.3,3.9,23531.82,20009.62,686,73.1,20.9,-0.277,0
44050.12,1.8,6783.74,19359.08,816,79.1,37.6,-0.203,0
40990.36,1.8,12887.35,10284.7,635,75.5,37.3,-0.3,1
43231.0,3.0,14002.9,16522.7,693,76.1,0.0,0.005,0
47113.77,6.5,11167.45,5228.12,660,76.7,62.5,-0.455,1
44011.51,6.5,17284.12,25471.49,515,67.3,59.2,0.202,1
89677.15,6.0,20311.23,34321.74,722,94.7,8.9,0.014,0
20883.92,3.6,14223.64,1000.0,490,85.6,19.9,0.568,1
87038.0,6.8,28717.66,37500.12,752,82.1,62.1,0.163,1
43966.02,1.5,13830.26,16016.55,722,98.2,48.3,0.128,0
66657.4,5.0,44292.14,39186.73,529,100.0,42.8,0.703,0
29148.44,4.3,17306.3,21326.89,465,62.2,43.7,0.152,1
112504.34,3.5,6094.4,62007.33,850,100.0,42.5,-0.075,0
107484.21,5.1,30600.38,44204.92,839,83.7,13.7,-0.304,0
91837.39,1.9,23236.49,48384.63,748,65.1,23.7,0.509,0
23550.09,6.1,217.1,8242.72,706,89.8,54.9,-0.353,0
85478.19,4.2,6467.51,34677.94,746,82.4,48.1,-0.399,0
67688.41,1.1,2735.97,10550.41,807,96.0,40.7,-0.397,0
22406.38,4.1,0.0,13390.97,775,86.0,22.0,-0.263,0
53457.19,2.8,17289.71,21073.17,605,89.0,54.8,0.015,0
66203.85,8.9,16753.54,7180.04,681,77.9,15.7,-0.092,0
73558.88,1.6,28336.42,39235.3,659,69.6,64.6,0.184,1
59724.27,1.6,18630.55,26640.38,754,94.4,20.5,-0.382,0
63587.82,5.6,4687.43,28132.54,849,76.7,17.6,-0.305,0
121842.71,3.7,44870.95,10730.04,807,89.6,35.6,0.054,0
106331.69,3.6,36055.12,37836.65,737,100.0,39.3,-0.337,0
12000.0,16.3,2717.45,9450.55,582,81.8,36.9,-0.477,1
45497.32,6.7,18095.36,10783.95,694,93.8,8.5,-0.535,0
49485.84,3.2,8412.71,20183.43,751,83.6,43.4,-0.017,0
20668.08,0.9,4314.04,8716.64,552,78.9,54.6,-0.024,1
57056.69,3.1,10886.09,12792.94,694,62.1,33.4,-0.041,1
107668.98,1.4,28975.78,46074.68,749,83.4,4.1,0.426,0
29803.7,2.0,12679.67,6367.54,420,81.7,30.8,0.106,1
65187.34,2.0,9518.79,36161.9,850,71.8,12.3,0.0,0
32738.17,8.5,17076.03,6622.42,466,55.5,0.0,0.472,1
37438.26,1.2,8452.73,13209.59,570,60.6,24.0,0.341,1
122096.44,7.9,73120.9,40837.09,638,100.0,67.5,-0.255,0
40198.83,5.8,2658.61,9871.18,831,84.5,33.3,0.292,0
69857.79,5.7,26708.93,7870.99,648,63.9,29.5,0.621,1
19357.4,1.9,7306.17,9246.22,554,75.6,49.2,0.622,1
150885.21,7.2,33245.46,30848.98,842,84.1,47.2,0.342,0
75467.61,1.7,2260.06,27038.23,850,90.3,5.7,0.136,0
49002.43,10.9,11918.35,12328.77,647,80.7,72.4,0.102,0
74350.86,8.6,28552.89,25714.9,729,100.0,39.0,0.51,0
24949.26,12.1,4918.46,3333.01,701,100.0,53.1,-0.468,0
103817.72,4.3,12632.51,18686.54,761,89.4,23.1,0.444,0
45333.81,3.7,14597.68,11839.07,617,78.9,0.0,0.046,0
48424.53,3.0,20714.42,5380.3,682,89.4,32.7,-0.323,0
41340.15,16.1,2787.8,8834.27,709,65.4,13.0,-0.414,0
39365.37,6.5,7352.96,9284.16,685,98.0,58.4,-0.597,0
79385.33,1.4,19764.17,39568.49,850,86.4,6.7,0.198,0
62364.33,10.1,9853.92,24835.38,653,67.1,35.5,0.673,0
77533.2,3.6,25031.57,1588.37,673,75.8,47.0,-0.175,1
53914.94,0.2,41929.73,14572.14,545,92.0,43.5,-0.299,1
71844.54,2.3,52376.94,40727.67,469,60.7,25.0,0.423,1
43029.16,8.6,14006.06,15128.49,617,71.5,0.0,0.04,0
184674.95,5.8,49253.3,30990.89,807,77.5,4.9,0.439,0
22871.3,6.6,12158.46,3760.14,642,97.7,19.9,-0.342,0
108392.65,10.0,29875.76,10720.39,816,100.0,6.8,0.228,0
114961.1,0.8,33693.59,48695.41,802,89.3,33.5,0.635,0
33904.83,2.3,1074.13,14261.65,572,39.8,19.7,-0.367,1
184628.41,4.4,71330.8,91636.45,793,68.4,9.1,-0.112,0
93668.73,8.8,18392.21,11071.04,850,100.0,6.5,-0.127,0
92422.57,1.7,55649.71,16580.84,648,86.2,3.2,0.262,1
55017.81,3.2,5954.07,34308.42,688,47.5,33.9,0.441,0
48075.39,4.2,10370.92,12669.13,748,100.0,20.3,-0.239,0
48282.53,2.2,11439.91,8243.22,636,65.3,35.5,0.874,1
67157.23,4.1,8251.51,25023.34,813,92.0,33.5,0.02,0
117084.65,3.7,32302.33,19116.51,740,68.0,30.9,-0.199,0
59857.55,2.7,36202.19,21285.44,627,100.0,47.9,0.5,0
32817.13,7.2,5078.92,20603.82,581,64.2,5.5,0.049,0
85257.8,6.3,15927.79,30548.97,662,75.8,48.1,-0.132,0
89916.16,7.4,30057.39,26909.91,669,98.7,42.9,-0.19,0
77657.45,7.9,22853.97,36636.02,634,76.3,31.0,0.736,0
81635.9,1.0,23514.41,32991.8,792,90.8,18.8,-0.348,0
46676.19,1.1,19245.52,4517.86,627,95.6,35.8,0.394,0
32501.97,6.8,521.38,15268.23,693,86.5,44.0,-0.284,0
33607.13,2.9,0.0,10743.73,838,68.4,7.0,-0.218,0
22037.38,2.6,12421.28,3389.56,530,73.0,47.2,-0.029,1
61717.43,2.3,28170.56,14797.73,473,78.6,69.8,0.163,1
51746.04,7.6,3736.35,8575.19,738,92.2,33.7,-0.576,0
42531.78,15.4,2183.12,5363.21,723,95.4,61.1,-0.191,0
12000.0,7.8,2807.3,5252.86,550,86.9,44.5,0.36,0
27281.81,2.8,8476.44,5218.24,539,93.8,40.3,0.359,0
100354.32,7.3,26.22,39117.28,763,61.7,21.0,-0.102,0
37588.59,1.1,17576.07,8165.51,630,88.2,28.2,-0.411,0
66060.44,3.5,7859.37,26178.17,768,83.1,15.4,0.075,0
25213.2,0.8,2346.23,9520.48,573,90.9,53.9,0.292,0
119525.86,2.9,16480.08,7438.19,850,94.5,20.1,0.064,0
50050.35,4.7,13528.5,23818.05,609,69.3,70.2,0.492,1
63546.18,17.3,29501.01,10727.41,626,82.5,43.8,-0.094,0
194692.93,9.3,65373.69,41480.98,776,100.0,42.9,-0.461,0
124746.89,0.8,67698.39,30754.96,787,88.3,8.5,-0.208,0
45770.22,0.9,14875.32,7524.35,595,82.6,48.3,0.001,0
39094.18,2.2,11600.9,2011.91,520,66.9,30.6,-0.246,0
45294.92,13.2,12976.31,16810.36,697,91.6,23.7,-0.182,0
71714.2,0.8,20126.0,34107.21,719,64.5,21.9,0.337,0
51130.0,2.3,8981.29,27142.15,773,81.5,10.2,-0.284,0
43591.42,2.3,634.99,20271.48,825,77.1,35.2,-0.467,0
121412.57,5.6,76671.57,31068.71,624,89.5,31.7,0.283,0
50877.93,7.5,919.72,6739.95,698,75.6,8.7,0.226,0
191908.51,6.4,50658.25,20015.72,775,79.4,45.3,-0.363,0
56948.83,5.0,16122.61,19609.04,447,71.3,77.6,0.248,1
144628.71,1.1,37737.97,69119.24,744,80.5,6.5,-0.396,0
65941.66,4.5,15149.83,14812.32,711,87.0,32.7,-0.253,0
92007.77,10.2,23187.96,21421.11,683,79.1,68.2,-0.387,1
36368.7,12.5,19304.49,12374.31,570,79.6,19.5,-0.16,0
33875.0,5.5,13824.54,17976.96,587,86.3,43.8,0.197,1
69761.55,0.8,21558.44,22944.49,764,98.0,42.9,0.094,0
93312.03,5.6,6266.12,38528.68,845,94.4,48.2,-0.285,0
55389.26,3.7,31513.72,17208.34,401,65.9,71.7,0.066,1
26701.73,0.9,9467.11,4860.88,697,94.7,0.0,0.134,0
25638.69,1.6,11457.61,1161.95,551,100.0,38.8,0.334,0
24712.76,1.9,6082.03,12273.33,670,93.9,25.0,0.126,0
20492.37,6.8,16017.22,10292.11,334,50.2,34.2,0.258,1
57538.92,12.2,20547.41,15128.43,651,87.7,35.9,0.023,0
100586.58,6.1,14479.38,24842.01,809,100.0,29.1,-0.285,0
53778.08,6.9,5260.06,4932.37,752,77.7,13.3,0.057,0
15627.26,3.9,1827.36,1000.0,652,100.0,14.6,0.425,0
48780.3,2.6,16170.72,3710.59,642,53.5,77.5,0.444,1
49536.28,6.2,11078.55,1632.66,728,86.0,7.4,-0.904,0
171579.04,5.1,66932.69,70716.53,698,94.1,59.5,0.22,0
24308.32,2.1,14471.83,8280.97,665,86.4,14.3,-0.173,0
43701.05,4.8,9527.08,22571.33,708,86.2,36.9,0.14,0
138443.69,4.1,2259.78,61990.39,787,69.4,74.4,-0.478,0
69389.31,3.2,41279.17,34279.0,656,75.9,50.9,-0.151,1
73852.28,2.5,11300.19,36088.07,832,92.0,6.2,-0.561,0
57700.52,5.5,24890.51,14044.73,553,54.4,28.3,-0.151,0
64956.23,2.7,13107.6,13545.7,657,96.7,34.5,0.213,0
83090.47,15.4,13097.07,4583.44,687,82.4,55.6,0.156,0
34709.98,5.9,13654.6,18514.13,684,91.7,35.9,0.751,1
87810.14,5.6,23223.0,2458.38,790,95.8,31.8,-0.18,0
25459.6,3.6,9264.02,3912.87,576,100.0,69.4,-0.307,1
64899.97,3.0,12006.28,25743.78,740,100.0,66.6,0.485,0
59772.89,0.6,16787.01,34054.74,654,67.2,49.0,-0.601,1
38601.21,2.2,22775.43,12940.92,642,100.0,22.5,0.068,0
53504.61,0.8,35381.9,19067.83,413,46.0,0.0,0.176,1
38468.8,0.8,7473.38,11359.94,702,77.8,9.4,-0.809,0
30048.39,1.4,3694.16,14687.26,756,86.4,4.1,-0.382,0
44601.01,9.5,6068.22,2661.18,684,79.5,33.8,-0.478,0
29519.5,9.4,6031.67,10579.69,560,87.9,53.8,0.292,0
64701.43,2.2,28933.65,21410.52,541,81.6,74.5,-0.225,1
28780.49,1.0,5705.24,6900.32,571,100.0,60.5,-0.091,0
80144.57,2.9,26032.92,42563.51,780,77.2,20.8,-0.565,0
28287.82,6.7,7254.28,11230.64,569,82.4,40.1,-0.283,0
39677.43,8.2,1316.93,16265.37,735,100.0,43.0,-0.277,0
38425.18,4.8,18651.01,17881.85,608,97.6,3.8,-0.076,0
112288.95,5.4,83585.05,25153.25,648,81.6,17.5,-0.107,0
64968.61,5.1,40053.18,9324.99,659,90.6,26.4,0.515,1
48220.83,0.8,16448.47,10577.51,591,100.0,77.6,0.242,0
71274.63,1.2,26069.16,34050.84,583,64.6,42.7,-0.622,0
17001.29,12.5,651.23,1000.0,631,68.8,8.7,0.356,0
52906.24,4.8,6775.19,32724.24,801,76.0,26.5,0.308,0
162532.42,0.4,41357.11,79467.65,642,87.0,44.0,0.024,0
58266.97,5.7,23992.4,16446.47,611,97.6,30.0,0.345,0
56238.24,1.8,5705.35,6798.33,850,73.3,27.9,0.421,0
73238.07,8.6,22054.48,8365.01,701,70.8,49.6,-0.17,0
88661.66,8.0,18589.64,29540.08,612,65.6,63.0,-0.427,0
18058.89,6.5,620.07,6474.9,756,70.8,59.3,0.198,0
21476.63,4.7,3707.52,3176.08,645,74.8,29.0,-0.285,1
60819.16,10.1,616.42,30278.83,711,53.7,31.7,0.093,0
36563.94,10.8,8649.0,8755.56,688,76.1,28.8,-0.363,1
111481.5,1.9,57791.34,30903.95,545,69.3,56.1,0.341,1
45554.02,6.4,6925.32,25258.1,688,81.7,27.2,-0.266,0
18694.94,2.5,6814.96,3766.0,632,100.0,0.0,-0.074,0
26973.02,1.6,6393.87,12219.77,592,61.7,44.6,-0.096,1
12000.0,10.8,1200.02,7030.37,636,98.2,45.6,-0.496,0
47630.61,7.2,16297.45,12843.59,711,100.0,26.9,0.378,0
48844.09,5.0,9036.49,10424.2,685,97.5,72.1,0.45,0
42896.5,2.0,9167.01,25947.96,733,88.8,24.2,-0.05,0
98064.77,11.0,3823.91,42406.16,850,100.0,63.4,-0.266,0
104734.72,1.8,38531.56,53739.35,769,92.9,8.2,-0.082,0
49329.93,1.4,31005.23,20675.1,569,99.5,40.5,-0.177,0
16746.06,4.1,9683.02,1000.0,449,85.7,18.8,-0.008,1
76077.27,6.7,0.0,46138.55,704,69.2,33.5,-0.109,0
73529.95,3.1,4449.29,9634.34,850,100.0,50.2,-0.318,0
64226.13,4.7,22378.42,9880.6,777,100.0,23.6,0.396,0
92949.71,2.5,33586.94,44459.81,777,79.2,21.0,-0.075,0
28548.07,2.8,7618.26,10114.78,551,84.3,30.5,0.676,0
163540.42,13.5,69015.51,82364.09,670,85.6,100.0,0.036,0
31962.38,3.8,14146.4,21928.79,505,63.4,39.0,-0.142,1
81803.28,10.6,18640.32,14142.14,717,72.1,37.9,-0.099,0
21417.4,0.7,5434.62,1000.0,544,88.3,43.7,-0.129,0
32479.18,8.8,4767.45,1000.0,779,82.7,0.7,-0.037,0
124741.98,2.1,22404.55,43533.65,846,84.2,53.4,0.078,0
46934.35,7.3,30210.85,20534.01,535,84.4,49.2,-0.393,1
85987.52,2.1,22761.02,14037.36,786,82.4,0.0,-0.357,0
61717.66,2.9,13964.39,19147.84,622,73.3,83.1,0.273,1
51137.48,1.6,11423.46,24080.49,665,90.1,35.1,0.179,0
114704.86,7.4,29036.58,53734.9,692,88.6,12.7,-0.551,0
47564.29,8.2,12136.26,14401.11,674,71.7,41.3,0.183,1
20345.07,2.2,5028.34,15776.23,635,89.8,16.8,0.294,0
34829.43,1.0,1572.65,12693.72,819,75.3,2.8,0.088,0
73361.57,10.4,20288.06,33853.03,765,93.1,29.5,-0.579,0
67341.37,2.4,6995.86,12374.51,768,83.4,30.4,-0.468,0
22882.28,3.7,7984.17,5655.17,625,89.5,3.5,-0.016,0
36374.08,1.8,12720.43,18083.73,588,86.5,19.4,0.659,0
39342.21,6.9,22666.24,18958.73,506,83.2,14.3,-0.188,0
44311.15,7.0,22465.85,17293.68,555,88.6,27.9,0.212,1
25418.88,11.6,3909.73,12598.85,647,95.8,48.0,-0.225,0
38345.63,8.9,14489.1,15697.43,608,85.7,37.8,0.595,0
36288.79,8.5,15746.3,1953.12,625,85.5,34.3,0.015,0
82813.25,3.9,15052.09,14837.69,824,79.0,0.0,-0.424,0
84543.1,3.6,33858.01,40746.42,516,58.5,34.4,-0.285,0
50001.3,6.8,9988.79,19486.57,768,84.5,13.2,-0.314,0
43668.32,3.8,5900.32,10870.16,705,66.3,0.6,0.041,0
58510.32,9.2,3440.18,25895.47,756,76.1,52.6,-0.244,0
34574.91,1.7,4968.67,17067.04,715,71.9,8.4,-0.173,0
28832.03,0.7,4372.07,17049.31,506,74.0,36.9,0.681,1
32301.8,6.3,3445.58,7699.35,686,74.8,25.3,-0.205,0
38210.01,2.7,7088.06,6358.73,820,90.8,15.9,0.062,0
28569.34,1.5,4147.38,2146.52,569,88.7,59.4,-0.096,0
59227.0,16.6,1386.78,30735.56,776,85.6,23.0,-0.017,0
80930.3,4.2,18071.77,25881.98,679,100.0,24.3,0.233,0
22631.45,1.2,2521.1,8737.24,682,100.0,20.3,-0.769,0
54930.32,2.4,5085.23,4532.45,666,91.1,38.5,0.053,0
48003.79,3.3,22781.68,14469.03,586,96.7,31.8,-0.132,0
65370.72,6.2,12878.55,22436.7,769,87.9,21.0,0.061,0
53792.2,2.4,19021.38,25212.42,757,93.1,16.5,-0.071,0
24355.68,3.7,3808.38,6017.22,460,61.3,34.2,-0.068,1
27056.59,5.2,9159.28,1000.0,471,46.1,22.0,0.103,1
55060.23,5.9,28260.6,4314.63,470,54.4,69.5,-0.193,1
95399.58,3.9,6215.12,4102.52,793,75.3,24.5,0.688,0
16029.67,13.3,6754.4,4862.29,570,100.0,41.7,-0.337,0
65522.55,7.0,16399.28,14882.53,763,87.6,33.2,0.504,0
104223.42,6.7,45111.99,1000.0,728,78.5,29.2,-0.434,1
49803.26,6.5,18760.44,22077.17,657,92.0,53.0,-0.092,1
73321.66,9.2,29553.47,18334.55,663,88.9,46.6,0.109,0
36802.17,4.9,14946.55,10209.94,505,65.0,46.2,-0.326,1
50733.85,1.7,11255.1,20948.89,748,90.6,46.0,-0.351,0
22214.43,5.7,6061.28,17694.63,616,95.7,2.7,-0.098,0
14922.29,6.2,0.0,3034.36,647,100.0,43.8,0.314,0
90991.48,10.2,21710.18,35006.06,768,82.9,30.1,0.029,0
31516.07,1.6,14714.88,12525.37,673,100.0,24.7,0.663,0
42169.8,1.9,25186.86,10958.9,464,78.3,100.0,0.198,1
25272.11,4.3,7090.6,16028.61,720,100.0,5.5,-0.16,0
24947.19,6.6,17245.13,20920.3,424,75.7,33.2,-0.943,1
49236.44,1.3,18487.0,1000.0,658,93.0,31.6,-0.543,0
36269.5,1.6,3428.39,5235.88,748,88.0,33.4,-0.093,0
66694.92,7.8,7268.1,28194.28,796,100.0,14.7,-0.548,0
69487.08,1.3,38578.89,18682.61,705,100.0,39.5,-0.067,0
64632.15,2.0,2873.31,33251.27,748,69.4,12.5,0.078,0
61773.54,8.1,28170.92,10065.42,607,79.3,40.7,-0.102,0
129026.43,6.6,44647.88,20441.06,794,100.0,38.1,-0.095,0
30116.35,2.4,4768.4,16689.41,733,85.4,30.1,0.685,0
52563.95,6.0,43874.33,34238.32,402,95.4,33.5,0.023,1
101010.46,5.2,21038.84,7784.72,625,69.0,66.7,-0.048,1
108607.62,3.8,20908.4,49584.9,827,80.6,46.6,-0.348,1
24785.89,3.1,7194.54,3576.49,601,74.1,38.5,-0.001,1
45624.7,5.9,20322.98,9302.48,612,97.0,43.5,-0.167,0
114343.99,1.5,74005.95,32688.24,661,94.3,35.8,0.631,0
71642.48,5.8,0.0,11369.23,850,100.0,46.0,0.199,0
60318.53,4.9,14956.11,19997.84,763,68.8,22.9,0.497,1
48063.26,5.1,15903.11,21359.19,607,91.7,79.2,0.073,1
43866.64,1.9,2720.35,12871.77,830,84.3,38.8,0.436,0
63482.56,10.4,16342.64,13182.38,571,49.8,91.5,-0.35,0
47154.95,2.5,8648.9,17563.0,614,90.5,79.3,0.087,0
52922.39,2.8,6870.29,31089.57,749,100.0,24.9,-0.304,0
56569.73,3.7,31035.0,8154.71,709,100.0,39.8,-0.154,0
37311.64,6.6,16827.09,6940.69,647,83.5,42.3,0.015,1
72596.44,5.0,18238.08,36411.71,734,95.6,53.7,-0.335,0
269098.98,0.9,33354.97,40377.68,850,91.6,37.6,-0.512,0
20387.09,4.2,5816.16,6206.78,550,73.4,59.1,0.344,0
64744.68,4.5,4464.48,28537.86,771,71.4,0.0,-0.588,0
35663.94,10.6,20397.73,19628.93,554,83.3,22.8,0.592,0
74426.8,3.3,8745.99,13425.06,676,80.7,31.2,-0.285,0
55581.55,6.2,8562.5,16173.62,733,85.2,21.7,0.198,0
82373.59,21.7,24849.2,17631.06,722,78.2,0.4,0.219,1
103417.41,9.3,71298.23,6720.02,631,87.0,52.7,-0.387,1
60224.32,1.8,18546.33,13210.1,681,69.1,12.9,0.161,1
100975.05,7.2,37593.0,45468.07,761,100.0,21.5,0.06,0
14922.66,5.8,7999.57,5879.12,434,58.5,50.1,0.221,1
129929.69,3.2,45090.53,8758.27,620,82.9,59.5,0.423,0
66588.3,7.2,20136.71,11185.97,654,81.1,23.7,0.285,0
98008.93,1.8,24404.76,34485.43,850,82.1,14.3,-0.304,0
27696.69,2.5,20949.72,7221.68,473,72.2,18.7,-0.048,1
34306.03,3.7,12955.31,7673.69,420,62.8,57.3,-0.288,1
58704.17,3.1,11368.43,27622.01,722,87.4,58.4,-0.202,1
53671.06,6.7,34620.46,26649.25,475,81.1,41.7,0.171,1
63302.98,4.1,9108.15,10404.11,731,89.4,39.9,0.212,0
98369.23,2.8,11867.6,43572.37,790,60.9,8.6,0.204,0
20519.46,9.2,10454.37,11239.16,539,100.0,44.3,0.101,1
92558.9,6.5,48501.54,29532.98,628,82.9,50.7,0.154,1
54423.7,1.1,14039.43,26307.18,505,41.4,38.3,-0.159,1
48432.19,1.1,15255.41,19993.61,749,86.6,39.0,0.473,0
24122.17,2.8,9986.54,3844.67,589,77.4,14.4,0.234,0
71444.54,1.3,28277.05,26031.77,541,68.1,58.4,-0.007,1
14360.56,8.2,3582.56,7797.49,639,100.0,7.8,0.394,0
77390.3,2.6,40018.18,27159.12,651,97.0,34.7,-0.18,0
23845.29,6.2,13010.39,3082.87,483,88.8,44.2,0.042,0
55792.9,7.1,11195.04,9908.54,701,85.1,57.8,0.313,0
50739.36,0.6,26029.4,31209.37,722,91.1,56.1,-0.426,1
103078.49,2.7,28395.1,43767.71,605,61.9,57.8,0.778,1
49106.15,3.6,22540.66,14080.75,659,86.7,29.0,-0.206,0
36983.38,5.2,1984.81,12779.72,772,100.0,81.5,-0.158,1
41001.69,7.9,19291.91,20350.72,629,98.6,56.8,0.007,0
109107.13,17.1,23087.88,20704.94,765,69.3,27.9,0.259,0
72763.03,12.4,11814.17,27887.51,766,86.6,29.2,0.292,0
43822.54,4.1,12180.28,23673.01,632,68.3,50.2,0.525,1
47569.85,4.0,10028.54,32656.2,718,86.2,25.7,-0.022,0
22880.78,11.6,9060.42,6851.99,516,73.5,9.5,0.116,0
67081.31,4.2,9549.8,24261.42,654,71.8,36.7,-0.538,0
20580.54,2.6,8224.75,8003.21,664,89.0,0.0,-0.375,0
81919.15,8.3,25679.27,43599.22,657,73.8,42.2,-0.032,0
58147.72,5.4,26346.48,4541.62,566,72.9,47.8,0.125,0
201354.74,1.1,2027.3,69157.95,850,88.9,29.7,-0.016,0
29582.12,3.3,8252.55,19616.22,532,63.3,58.0,0.183,1
51202.1,1.3,16078.91,1000.0,688,79.5,52.0,-0.02,0
145664.05,0.2,23208.63,41740.61,775,62.5,14.6,-0.082,0
104324.79,13.6,10728.41,37240.76,731,65.0,35.9,0.84,0
36941.22,4.7,9398.67,8971.24,769,100.0,24.6,-0.092,0
61278.36,3.4,15707.1,27759.73,641,78.2,28.5,0.354,1
54235.97,2.8,12281.63,11852.5,735,74.0,57.9,-0.457,0
63264.25,4.3,14715.67,31982.11,771,95.9,47.5,0.043,0
36891.11,2.8,11.84,13249.4,769,100.0,20.6,-0.236,0
51579.2,1.8,37839.37,21233.62,565,87.5,39.5,0.693,1
22495.51,2.9,10224.1,6380.87,558,98.3,19.9,-0.195,0
58356.03,10.8,10961.72,2783.03,688,76.3,25.3,-0.011,0
69390.92,8.2,18398.89,37945.85,693,84.8,65.8,-0.288,0
47806.62,2.9,8148.36,22680.58,710,84.1,85.9,-0.309,1
22286.18,14.5,2255.64,9265.45,642,88.5,70.6,-0.027,0
93310.93,4.0,18375.43,24561.2,755,97.5,40.5,0.127,0
66203.51,2.2,10876.55,26378.18,587,63.4,38.7,0.37,0
36340.63,5.5,4072.29,16329.66,637,71.5,55.4,-0.203,0
46428.55,12.0,20653.04,4637.44,560,77.2,37.0,-0.209,1
23733.24,10.5,7815.8,14556.35,569,70.4,6.5,0.45,1
30823.25,2.3,4232.92,13254.24,647,87.2,71.4,0.558,0
40303.91,1.5,573.36,16462.75,832,87.0,11.2,-0.029,0
106471.37,3.2,41191.35,21510.71,733,84.8,59.2,0.163,0
38111.57,6.2,10969.36,12911.44,664,78.4,50.2,0.584,1
77042.89,7.5,35597.78,42020.61,661,100.0,72.2,0.927,1
40292.72,9.5,19270.77,7012.38,560,87.0,52.3,0.147,0
62091.92,4.8,11652.05,27864.59,761,81.9,23.2,0.264,0
50122.86,5.0,8474.96,6508.37,720,84.9,56.7,0.047,1
87568.89,4.7,18391.21,20739.91,815,94.4,27.7,-0.518,0
40370.47,8.7,11889.87,22715.43,753,87.0,15.5,0.121,0
22813.54,7.6,5815.64,6166.65,636,71.9,0.0,0.48,0
25334.64,2.2,4037.93,4054.74,780,100.0,32.5,-0.264,0
40435.66,6.9,7179.56,12023.42,690,90.5,1.2,-0.649,0
27255.67,8.3,3220.16,11147.94,556,67.9,63.7,0.207,0
67888.14,8.8,40002.61,36911.74,524,58.6,3.6,-0.615,0
41932.96,5.4,24768.61,2239.34,583,93.6,27.4,-0.55,1
199992.19,5.2,39773.01,61122.66,850,100.0,28.3,-0.572,0
20832.24,4.2,10515.59,3399.31,538,90.3,38.4,-0.701,0
60596.85,4.5,5753.57,22671.09,850,92.6,17.7,0.37,0
29132.97,13.1,6065.1,13470.81,647,92.9,57.7,0.048,0
41300.47,4.6,16811.66,14895.2,636,84.1,38.3,0.72,0
58558.45,2.4,22979.99,10869.91,589,60.5,34.6,0.257,1
15078.81,5.5,4512.68,3535.94,592,74.2,22.0,0.722,1
61713.28,7.4,9256.33,7379.98,792,95.1,46.0,-0.225,0
154291.52,8.5,78600.56,85681.98,700,92.2,62.9,0.127,1
42218.29,1.8,6750.13,7363.89,708,81.3,88.9,-0.446,1
62498.28,11.3,18428.21,18864.43,706,76.3,16.2,-0.097,0
95197.31,7.2,66045.26,17905.79,643,86.4,32.3,0.502,1
49504.83,10.9,8889.22,28722.12,732,79.2,0.0,-0.014,0
39358.68,1.2,16258.23,10973.74,636,82.9,48.6,-0.082,1
15496.12,9.0,5347.63,10562.53,558,85.9,7.7,-0.008,1
77075.82,1.7,29807.11,40544.63,570,73.1,40.5,0.05,1
50907.08,3.5,14350.82,19342.34,654,95.2,59.7,0.051,0
31039.75,7.3,13452.43,6919.97,603,81.7,26.8,0.467,1
58082.99,1.6,10625.7,23680.49,801,90.8,16.4,-0.252,0
39299.84,2.8,11270.0,16636.86,578,84.9,61.4,-0.072,1
40512.49,1.2,16574.14,7168.07,742,100.0,49.2,0.034,0
75618.79,7.2,41655.27,8697.81,618,91.6,12.4,-0.316,0
25949.03,2.2,9458.94,5484.96,604,89.7,37.8,-0.156,0
96377.05,4.4,13396.01,39454.86,798,89.2,17.9,0.268,0
25116.31,5.8,6124.32,4867.04,654,100.0,56.2,-0.288,0
37628.39,5.4,13255.66,12925.16,547,83.4,37.5,0.971,1
156001.42,5.1,27354.82,67142.54,707,86.3,65.6,0.573,0
100714.51,5.1,5245.54,11876.96,814,85.5,16.4,0.062,0
57164.15,1.3,11503.94,29108.61,683,56.5,39.5,0.201,1
32296.31,3.6,9004.5,12749.36,647,85.3,34.8,0.27,1
40493.64,5.0,7285.48,13058.6,648,98.2,40.1,0.196,0
56404.34,4.6,8607.45,8905.18,821,91.2,23.7,0.033,0
55306.06,4.0,2810.18,14484.33,850,100.0,0.0,0.963,0
51535.23,2.5,9552.29,9618.05,781,95.0,48.6,-0.251,0
53265.39,5.3,19343.14,20746.85,652,91.0,36.1,-0.135,0
48150.83,6.1,10042.88,23901.33,655,96.4,18.4,0.025,0
24511.84,3.1,4915.98,9909.63,754,89.1,25.0,0.226,0
40778.86,8.5,31890.57,1633.11,482,80.1,11.6,0.704,1
89593.96,11.5,27658.61,39189.27,780,82.2,0.0,-0.001,0
25525.06,4.5,7804.65,2511.16,459,50.6,55.8,0.202,1
48812.63,2.3,18461.27,17073.31,678,100.0,46.4,0.135,0
34514.52,1.5,9697.59,5402.21,538,81.2,8.0,-0.029,0
57597.98,3.4,10504.38,19097.92,578,69.4,85.5,0.435,1
43750.21,4.2,7210.22,14266.73,800,78.9,12.5,0.15,0
122096.44,1.5,5419.91,30588.96,850,100.0,49.3,0.346,0
71583.56,3.3,39842.11,41014.95,692,85.0,35.1,-0.103,0
26331.16,8.2,2518.01,2785.73,732,87.6,9.7,-0.189,0
78368.35,0.5,31180.46,6802.73,736,100.0,42.0,-0.12,0
35381.4,4.7,0.0,10989.72,833,95.7,31.3,0.105,0
39444.58,2.8,13014.62,15029.99,696,80.0,22.3,0.391,0
64382.71,4.3,17685.42,13698.97,626,60.2,61.4,0.734,1
41338.06,11.9,16635.48,7019.67,628,92.9,47.5,0.061,1
88527.69,4.2,12942.9,10478.1,797,74.5,49.4,0.652,0
35384.16,3.7,6406.52,19733.42,641,93.2,30.7,0.219,0
38544.91,6.9,17819.08,12514.45,561,83.3,42.0,-0.234,1
37759.64,5.4,3768.05,10376.72,650,89.7,34.5,0.042,0
39691.75,4.7,5620.74,14032.0,671,96.5,45.0,0.269,0
99166.48,5.5,20984.44,48940.96,730,59.8,15.6,0.296,0
76560.61,9.8,26913.97,41835.07,760,85.8,0.0,-0.168,0
138755.57,7.9,52565.45,16160.89,794,83.7,62.1,-0.125,0
188566.18,3.5,67973.25,74126.67,784,88.0,34.7,-0.117,0
30733.41,11.5,6736.99,1000.0,645,91.1,46.4,-0.069,0
56315.81,2.9,1821.14,6203.33,790,86.1,21.3,0.107,0
28370.07,4.7,15517.07,10126.11,516,74.9,30.5,0.661,1
35323.96,5.1,5216.36,16413.48,714,68.2,65.4,-0.147,1
38309.55,3.4,4.98,5011.08,677,61.8,42.3,-0.574,0
30289.76,10.7,7205.75,15485.52,566,85.7,79.1,-0.596,0
30377.64,3.3,11822.43,13974.26,615,91.4,52.8,0.286,0
50043.28,3.9,16765.51,19508.66,660,79.2,21.6,-0.191,0
27744.83,8.7,13466.16,15310.37,566,95.6,43.8,0.094,0
86091.83,3.0,6568.01,34648.76,746,82.4,68.6,-0.248,0
32703.44,1.4,14956.43,15757.53,714,82.8,39.4,-0.052,0
254044.04,4.8,23301.7,41591.93,805,63.9,47.9,-0.114,0
42266.01,1.8,2487.45,10671.1,581,77.8,63.3,-0.24,0
56365.34,1.7,17440.45,13290.1,705,96.9,0.0,0.433,0
26570.65,0.5,7044.75,10293.29,610,100.0,49.0,0.458,0
138461.9,0.6,81095.34,9537.56,536,81.3,61.9,0.224,1
100280.38,0.7,10111.56,22635.46,844,96.1,19.6,0.715,0
63786.94,12.5,40619.48,32372.47,638,100.0,55.9,-0.46,0
25829.14,0.7,9799.5,10985.23,438,70.9,34.9,-0.074,1
60831.73,1.8,26769.59,18141.53,585,88.4,1.2,-0.122,0
29237.66,4.0,806.07,6852.1,749,86.7,50.8,0.248,1
121090.73,6.7,54597.61,46335.94,736,99.1,34.8,-0.441,0
84546.51,7.2,41843.71,16407.5,601,72.3,33.5,0.234,0
57096.12,2.3,19052.39,9408.22,744,88.4,47.9,-0.505,0
14185.75,4.6,8769.09,1000.0,405,80.4,16.0,0.262,0
31543.45,3.9,0.0,17491.69,632,89.9,50.4,0.404,0
79084.22,4.4,5107.5,38008.35,850,100.0,16.8,-0.396,0
105565.41,4.9,17662.59,25471.61,802,100.0,65.3,-0.129,0
99712.21,5.8,10643.91,49030.11,822,100.0,57.8,0.417,0
22570.36,2.7,12854.59,5335.64,300,70.1,65.8,0.487,1
63949.81,3.3,5695.22,27027.08,674,77.4,44.3,-0.5,0
94706.07,16.6,12210.94,29455.09,836,98.1,26.5,0.132,0
21761.89,2.9,3412.67,1000.0,603,92.5,20.6,0.229,0
53941.34,4.7,24911.86,23728.69,679,80.3,19.4,-0.003,0
62982.57,3.9,24155.16,15524.58,624,71.2,31.5,0.503,0
45916.48,4.5,4880.14,10881.38,571,29.3,21.3,-0.191,0
19561.35,8.8,1858.14,4262.53,615,61.7,41.5,-0.145,1
45291.11,3.7,22300.75,14220.54,557,79.7,18.9,-0.231,0
45251.09,1.6,9570.3,17743.42,718,79.9,22.6,0.086,0
49939.13,2.7,9491.46,10803.6,731,89.8,27.4,-0.094,0
39739.09,3.7,18667.74,13645.04,677,92.4,19.5,0.305,0
42461.09,5.0,2594.13,18537.68,814,100.0,28.2,-0.122,0
53006.06,2.3,3319.38,17558.6,759,73.2,46.7,-0.058,0
69102.77,2.5,8208.83,2704.63,669,56.7,17.3,0.088,0
45824.09,5.1,5783.41,5062.1,676,71.0,10.9,-0.272,0
43247.43,5.2,6264.0,15248.54,753,100.0,31.4,0.374,0
56999.33,8.0,14469.07,25507.15,748,84.2,12.2,0.259,0
18835.45,2.7,9398.59,5979.48,539,98.2,61.7,0.247,1
70429.63,6.2,21191.36,33301.79,733,76.1,21.0,-0.338,0
54159.59,3.9,6053.23,30114.52,669,77.0,36.0,0.56,0
55372.12,3.0,12031.88,14045.87,542,60.0,44.1,-0.629,0
91895.18,4.0,4396.63,41058.39,801,79.4,9.8,0.278,0
18507.87,4.4,1890.51,5584.55,617,84.2,18.1,0.068,0
18295.15,1.4,11178.59,10076.45,435,96.1,22.4,0.253,0
62981.24,1.5,22719.25,16043.26,661,91.9,50.6,-0.056,0
53964.72,6.8,28727.29,16440.94,540,100.0,71.6,0.049,0
59492.01,3.2,12426.74,19555.57,638,81.8,72.1,0.264,0
42017.02,5.0,5982.13,22575.19,635,87.4,60.5,0.019,0
78072.61,6.7,4700.88,18813.87,764,83.8,10.2,0.095,0
90486.09,4.0,47631.63,1288.71,561,74.3,17.5,0.106,0
70699.25,6.3,32548.65,31508.23,584,89.7,62.7,0.788,1
46936.19,4.5,14114.09,20086.21,650,80.1,65.5,-0.54,0
16996.64,4.6,6830.72,4240.26,537,100.0,50.9,0.473,1
82708.69,9.3,27084.2,4335.88,665,72.9,51.1,0.178,0
106080.21,3.7,32022.04,24320.03,725,79.2,26.4,0.135,0
77227.21,6.9,19186.45,30884.55,676,66.6,69.3,-0.425,1
33396.18,1.2,0.0,12019.26,799,88.7,20.4,0.423,0
78479.04,4.9,18615.45,4450.79,745,65.4,2.8,-0.377,0
86967.64,10.9,12057.11,25011.68,759,83.9,51.0,0.535,0
127688.49,17.4,0.0,34399.28,832,67.6,23.3,-0.171,0
33461.12,1.3,8534.59,16346.4,543,70.2,9.0,0.535,1
47831.99,3.2,16545.36,7720.49,553,73.3,52.6,-0.229,0
81715.55,1.9,22071.58,31975.66,844,94.2,0.0,-0.307,0
55914.31,3.8,33289.03,31800.3,527,82.7,44.1,-0.015,1
29303.72,7.7,12287.17,7091.93,564,82.3,26.1,-0.241,0
68052.79,9.5,34759.88,12153.27,636,91.9,67.0,-0.064,0
74478.36,9.8,40137.68,14168.67,596,74.8,44.1,0.609,0
56861.83,1.1,6737.01,9792.97,645,56.5,56.5,-0.175,1
61130.84,4.4,33341.16,38107.24,564,68.6,13.3,0.08,1
46991.02,2.6,7707.97,29442.15,787,80.0,1.1,0.576,0
122155.9,3.6,20488.71,8254.9,767,83.3,27.8,0.102,0
33011.77,2.9,8773.26,7223.55,669,91.8,47.2,0.413,0
39221.23,1.2,8664.76,1428.09,643,82.0,36.4,0.213,0
54504.69,9.6,31382.13,21286.9,615,98.2,58.0,0.368,0
87853.39,2.3,12451.52,34622.46,827,89.1,45.9,-0.005,0
23776.3,2.7,1938.73,4235.14,643,64.3,14.0,0.222,0
26352.98,11.0,4266.9,1000.0,572,48.3,44.3,0.651,1
17663.39,1.0,766.36,6570.29,663,69.9,38.4,-0.097,0
55159.4,5.8,7216.25,5113.16,702,85.9,60.4,0.165,0
29287.96,8.4,6345.74,13131.79,686,89.2,16.5,-0.219,0
43848.57,10.4,26489.96,11110.07,564,82.5,21.7,0.381,1
77944.94,5.5,14022.49,2497.77,804,85.7,42.9,-0.566,0
38068.84,7.0,8785.47,16206.23,612,100.0,63.3,-0.085,0
61525.38,8.4,36053.15,18073.41,636,84.2,31.0,0.37,0
45952.53,3.9,4820.17,15774.92,634,88.9,46.9,-0.035,0
78406.56,2.0,14920.12,14820.49,828,100.0,35.7,-0.609,0
70355.8,11.5,36614.01,12351.52,564,58.6,34.2,-0.252,0
37028.25,6.5,13646.84,2451.94,626,100.0,58.0,-0.222,0
49377.08,4.4,8051.11,7261.35,645,48.2,37.2,0.569,1
96187.9,1.3,19956.1,25061.1,654,72.4,26.1,0.294,0
67262.44,0.4,24519.55,13239.93,600,76.2,25.0,0.33,1
25126.31,5.7,11374.76,13737.16,428,61.1,28.9,-0.413,1
77698.4,0.4,6686.76,35584.88,743,81.7,21.2,0.019,0
29835.8,4.3,705.58,1193.5,779,83.3,30.2,0.562,0
117816.33,2.4,40210.39,64078.56,850,94.4,36.2,0.331,0
95154.23,2.9,56975.31,49590.15,643,93.9,40.7,-0.161,0
63540.77,9.8,27137.9,36989.73,680,86.4,15.3,0.292,0
59069.98,2.4,18455.41,27836.52,850,99.7,26.6,-0.432,0
48292.53,4.5,2922.87,4691.26,758,93.0,27.6,-0.283,0
78683.45,2.4,6161.54,14618.8,748,79.5,19.7,-0.642,0
44181.97,5.3,4608.96,24390.67,792,85.7,23.4,-0.022,0
61670.65,4.8,9923.9,17730.94,664,75.1,53.0,0.239,0
87514.86,4.3,56193.28,44286.89,468,66.8,62.3,-0.32,0
39775.5,8.4,15125.26,11645.84,676,90.0,28.7,-0.015,0
38603.34,1.0,19883.79,4433.6,622,63.0,20.8,-0.277,1
28088.04,0.7,15066.9,8813.55,482,81.4,33.4,-0.19,1
30168.09,1.5,21425.01,22166.41,375,51.8,36.7,-0.349,1
19818.73,4.8,1610.72,6373.67,693,85.0,48.8,0.452,0
80935.34,6.0,12470.63,36300.75,707,73.8,27.1,-0.225,0
146517.92,0.1,56707.04,79442.35,850,92.0,24.2,-0.07,0
118649.72,5.9,20834.45,14998.85,817,80.9,84.0,-0.167,0
22151.35,3.3,9109.95,1000.0,487,82.2,9.1,0.127,0
80714.22,11.7,26263.76,23866.43,656,84.7,53.0,0.889,0
118439.61,5.6,37005.98,53233.29,608,75.4,64.8,0.992,0
42140.08,10.8,4151.13,15702.13,689,76.1,29.9,-0.059,0
57285.11,9.5,11612.41,9967.16,639,76.1,43.8,0.163,0
17955.63,3.3,2363.2,5456.07,724,82.2,1.5,0.354,0
62736.89,7.7,5347.02,20834.81,701,76.2,35.5,0.457,0
30183.24,3.3,6360.09,7279.29,617,90.3,58.2,0.24,0
60463.75,12.7,10399.53,7148.2,668,59.2,37.4,0.405,0
22956.09,3.5,6671.49,10701.21,480,63.0,35.8,0.162,1
73026.09,6.2,4673.14,3865.38,801,100.0,69.7,-0.202,0
95175.89,14.2,24270.08,47344.29,731,77.9,51.4,0.403,0
35215.83,6.4,9654.67,16636.05,744,69.8,49.2,0.067,1
28989.6,3.0,5237.25,10510.38,696,83.6,18.8,0.135,0
16550.76,1.3,3616.86,8963.06,535,94.7,0.0,-0.456,0
46792.24,1.0,22337.92,4056.25,668,93.0,42.5,-0.251,0
39344.97,5.9,16866.87,17512.91,584,73.5,35.1,-0.116,0
23085.02,4.0,6624.01,1000.0,590,76.8,50.3,0.203,1
69505.44,1.5,24181.3,14269.14,661,79.3,37.5,0.647,1
42298.9,7.1,8854.43,14617.19,736,88.4,35.9,0.291,0
29981.78,7.1,7567.04,5724.69,623,84.6,35.6,-0.045,0
39934.07,4.0,7979.51,2885.23,685,71.2,12.8,-0.327,0
97657.09,11.1,22813.93,31800.96,779,76.9,0.0,0.455,0
75479.42,0.8,56790.16,25181.25,564,80.3,17.3,0.13,0
50437.27,3.1,24472.75,5923.78,649,100.0,12.9,-1.0,0
76153.61,6.3,36010.04,5776.26,699,81.5,34.1,0.383,0
28609.62,1.7,14171.84,3286.24,720,100.0,2.3,0.149,0
55149.53,7.6,16845.8,22294.98,762,80.2,25.5,-0.734,0
58748.87,9.2,27028.98,20656.63,526,60.4,73.6,0.236,1
41839.24,0.2,8823.04,6887.25,715,88.9,33.5,0.048,0
68837.37,11.4,17042.28,20683.8,767,98.7,36.0,-0.442,0
35269.07,6.1,11306.58,21386.18,603,90.7,35.3,0.732,0
71711.14,2.8,6682.75,21480.53,841,86.8,39.2,0.172,0
73388.49,1.1,32897.17,21436.47,629,78.7,24.5,-0.152,0
12000.0,8.3,6415.9,1000.0,458,80.0,31.7,-0.256,1
104262.61,1.5,18408.36,50821.73,619,51.4,24.2,-0.049,0
12000.0,6.1,2692.34,10553.33,646,96.0,5.1,-0.038,0
38606.39,1.5,14654.71,4739.84,669,78.7,58.5,0.219,0
95219.63,4.3,50939.77,15024.42,674,100.0,17.4,-0.066,0
45501.12,8.1,1261.14,6552.35,683,76.5,67.0,-0.127,0
24187.66,2.8,5004.09,11129.74,611,83.3,19.7,0.073,0
29686.41,11.3,11300.81,3274.91,647,100.0,7.8,-0.135,0
95301.25,6.5,11922.89,48763.89,850,100.0,73.7,-0.023,0
18829.36,1.7,4145.08,1000.0,672,95.8,5.4,0.501,0
100805.19,1.2,6376.03,37038.3,713,57.8,0.0,-0.152,0
52559.12,2.2,19582.27,3991.24,570,66.1,6.1,-0.044,1
28118.49,4.1,4266.81,10770.79,571,93.8,32.2,-0.267,0
39312.06,12.0,10129.52,6898.55,639,74.2,8.2,0.387,0
30962.33,13.6,3355.92,18085.49,672,85.0,23.7,-0.591,0
87240.49,2.7,17630.3,17562.13,723,86.9,0.0,-0.291,0
81051.12,2.7,34648.21,29227.79,634,87.6,56.7,0.25,0
21045.91,7.2,7290.0,2350.38,465,69.2,43.4,-0.053,1
43391.74,7.2,3467.65,17552.62,792,98.3,9.7,0.309,0
33699.82,10.1,14232.68,16467.09,612,76.7,0.0,-0.068,0
110351.99,10.3,0.0,49513.17,850,92.3,16.9,-0.235,0
25782.35,2.0,10343.93,6839.12,562,81.1,48.0,-0.043,1
130917.94,1.0,36408.95,69435.43,607,100.0,56.5,-0.452,0
53193.31,6.5,8044.88,13227.5,754,100.0,30.3,-0.289,0
28593.54,5.0,7252.22,13190.79,757,100.0,25.0,0.319,0
37328.01,0.5,5270.47,15864.53,850,100.0,23.4,-0.091,0
34860.5,0.9,7642.97,3097.19,710,82.1,41.1,-0.011,1
26875.22,6.3,8810.69,1000.0,560,76.5,52.6,0.044,1
57076.9,3.8,13452.29,24341.78,609,68.1,32.1,-0.549,0
27574.49,6.4,8458.51,10634.41,687,87.7,27.5,-0.546,0
16330.64,1.6,5080.61,10240.46,526,84.3,50.6,0.134,1
43966.27,6.7,0.0,18546.67,718,83.4,64.9,-0.144,0
20099.08,5.5,9808.73,4202.48,545,72.4,29.3,-0.077,1
35821.79,7.1,16055.29,13537.03,448,89.1,36.7,0.215,0
32859.41,2.9,11529.02,12527.2,603,78.7,20.0,-0.327,0
33551.31,2.4,1691.19,5329.65,594,77.2,36.6,-0.198,0
162841.03,1.1,13060.95,59175.17,850,86.3,16.5,-0.123,0
55883.61,3.3,38793.89,30004.77,612,82.9,63.4,0.118,1
62003.99,8.9,4607.82,12370.71,714,64.0,52.7,-0.126,0
20393.69,10.6,6713.91,10099.93,563,73.0,69.7,-0.221,1
37809.67,1.5,10556.6,13230.12,695,91.5,23.8,0.593,0
60987.03,4.1,35980.79,10475.48,630,83.3,76.4,0.014,1
30838.19,12.2,14870.17,12474.77,432,56.8,39.9,0.229,0
89271.23,13.3,29090.55,38738.39,753,93.8,32.3,-0.633,0
27959.63,3.2,15393.12,10170.35,407,83.3,60.2,-0.451,1
46281.55,9.5,23482.82,5751.08,578,69.1,14.6,0.205,0
39248.62,8.4,2703.56,6413.26,685,74.6,35.7,-0.084,0
59300.7,7.9,13064.32,23712.37,714,86.3,31.9,-0.135,0
38090.89,0.8,3964.57,5262.2,597,53.1,43.4,-0.333,1
46677.08,2.6,3155.83,14765.43,841,89.9,26.1,0.341,1
47578.13,3.8,16050.56,20676.77,712,97.8,24.2,0.229,0
36173.67,3.7,10249.71,11335.57,696,96.5,27.4,-0.023,0
70742.49,4.1,32741.77,37757.33,697,100.0,29.2,0.086,0
61766.33,14.2,2003.72,26571.4,769,73.1,36.6,-0.107,0
51599.25,3.3,6475.42,4161.59,734,98.5,60.8,-0.239,0
42755.28,5.7,23432.11,15739.3,550,87.8,0.0,-0.182,0
83960.29,5.5,21702.42,32566.99,738,72.3,50.3,0.268,0
47585.87,4.1,14624.95,18996.05,661,90.5,25.6,-0.138,0
45766.9,1.6,1389.4,8697.74,796,90.1,31.4,0.02,0
57387.37,4.5,13148.3,25633.67,819,100.0,13.3,-0.15,0
137739.94,0.5,15075.12,13543.98,799,100.0,35.9,0.329,0
25920.88,6.1,12731.75,1000.0,472,74.3,27.2,-0.228,1
82736.93,0.4,19214.22,27214.7,649,88.8,30.5,0.534,0
19125.08,5.7,1543.48,8175.4,632,88.6,46.7,-0.201,0
61053.16,2.5,39933.05,14867.8,632,87.5,47.7,-0.2,1
128836.0,1.8,48435.08,21599.42,693,79.7,63.4,0.701,1
70881.71,7.3,24060.57,36410.32,812,100.0,23.2,-0.373,0
59506.68,3.0,18465.09,33269.24,665,75.3,48.6,-0.013,0
39805.2,4.4,9684.93,16861.53,664,100.0,47.7,0.354,0
55109.42,0.8,34947.94,7105.37,448,64.1,36.8,-0.54,1
47163.02,11.2,11820.45,16304.8,676,78.7,68.7,0.09,0
35161.71,4.7,5576.24,7709.24,772,94.7,22.2,-0.539,0
46192.3,4.7,10888.67,6254.6,627,69.3,38.0,0.013,0
60422.07,6.2,12490.24,11408.59,691,73.7,41.1,0.713,0
35526.37,0.2,7517.44,5153.93,675,91.5,11.0,-0.823,0
34771.21,11.9,17072.93,10688.2,405,59.8,60.3,-0.026,0
25638.9,3.2,5092.75,1396.32,689,99.5,32.9,-0.159,0
67164.41,11.5,0.0,32364.2,807,100.0,43.7,-0.353,0
73125.16,3.1,40623.43,29081.67,606,100.0,66.6,-0.535,0
61538.19,2.5,26937.99,16393.39,562,88.6,39.3,0.385,0
92119.67,5.9,25145.56,21055.63,711,78.0,35.8,0.069,1
56858.85,16.1,41355.62,28610.4,488,78.9,36.3,-0.651,1
67211.93,9.5,19136.84,6882.73,737,88.0,14.9,-0.33,0
64030.23,6.3,15763.71,12797.4,760,85.8,27.4,-0.192,0
51516.27,5.8,3713.79,17923.1,756,78.7,32.0,-0.55,0
40459.15,4.5,18328.84,8669.54,549,100.0,37.0,0.031,0
183099.31,11.1,54226.37,87113.51,714,80.6,62.6,0.089,0
42252.84,7.4,3434.91,20298.99,697,100.0,53.6,0.084,0
37562.72,1.1,8479.43,11048.25,758,85.4,23.2,0.707,0
68782.55,1.8,28666.66,16996.13,818,84.5,34.5,-0.329,0
62225.49,6.5,26669.87,20862.15,603,91.3,63.0,-0.166,0
25018.35,1.5,4565.41,10732.1,620,91.1,0.5,-0.184,0
100455.79,4.7,45336.55,23370.09,764,82.0,30.5,0.299,1
51441.11,7.9,17234.47,5592.54,689,91.9,8.9,0.261,0
29407.0,5.9,7561.91,9198.64,604,93.6,83.9,-0.396,1
104175.4,1.3,24675.65,9183.51,806,100.0,50.4,0.506,0
76429.31,1.9,40441.42,17313.94,593,85.0,25.1,-0.318,0
27024.57,6.0,6662.39,17494.27,554,73.1,34.3,0.299,0
143983.01,15.0,47493.72,65020.89,751,74.5,18.6,0.278,0
77834.38,3.9,4617.19,21059.63,778,100.0,74.8,0.139,0
53873.4,8.1,3544.16,15130.89,642,57.7,0.0,-0.115,0
129913.01,5.9,71666.24,18655.99,573,67.3,41.5,-0.109,1
59137.1,2.5,26024.11,24219.63,628,84.4,33.6,0.168,0
53346.0,8.1,23259.52,14116.88,598,75.4,14.4,0.184,0
37678.12,0.8,1024.3,13426.9,812,95.5,30.0,0.248,0
74609.1,7.7,6166.31,13688.53,812,94.2,2.6,0.248,0
70412.89,6.2,39001.1,26191.93,653,76.5,66.4,0.12,1
54615.56,2.7,11991.78,20289.22,754,100.0,35.5,0.495,0
35084.25,1.6,16246.61,1041.81,517,68.6,53.3,-0.21,1
58189.57,2.9,33491.74,6713.84,531,73.7,25.3,0.015,0
52135.98,2.3,1454.41,24000.7,769,100.0,61.9,-0.195,0
26019.18,3.5,5006.49,6787.0,466,65.7,35.7,0.855,0
24112.92,3.1,7342.98,16870.99,586,88.9,56.5,0.268,0
73927.07,2.7,15254.23,14746.75,850,100.0,46.3,0.355,0
12951.43,0.8,2581.06,7953.8,533,47.6,34.3,0.156,1
60656.12,1.4,12367.07,24438.48,568,79.3,55.0,-0.02,1
41649.9,9.0,16317.33,17837.31,601,97.3,100.0,0.935,1
111250.05,2.7,59633.04,42945.63,706,80.2,12.4,0.425,0
41298.96,3.5,15820.44,10817.53,721,84.8,32.6,-0.112,0
77863.79,3.0,23860.8,28611.49,691,86.6,9.1,-0.095,0
43551.41,11.3,18510.43,15300.54,678,88.4,43.3,0.078,0
57673.99,2.2,34968.54,23130.41,545,72.7,39.5,-0.189,1
81247.89,2.1,40874.47,15718.39,578,94.7,73.9,-0.122,0
42007.12,6.3,21217.25,3511.66,510,87.6,29.9,-0.532,0
93723.59,4.9,65324.0,18005.03,518,68.0,54.0,-0.838,1
31365.57,6.4,17168.2,11036.83,560,77.5,0.0,0.692,0
63705.49,6.1,25661.87,31634.55,537,64.2,38.0,-0.177,1
89989.82,8.3,21796.29,15913.19,799,87.0,17.6,-0.106,0
77887.49,1.2,8084.49,21866.54,829,90.9,46.8,0.024,0
155444.6,5.9,35437.9,35783.53,793,87.0,58.0,0.244,0
35600.27,2.1,17398.23,16332.12,540,91.7,23.0,0.272,0
25373.69,0.5,9235.75,10069.37,573,85.9,45.8,0.36,0
31354.58,6.1,5378.0,13214.92,800,94.7,27.9,0.201,0
77904.84,5.9,11157.94,32628.45,713,82.2,35.9,-0.094,0
71243.41,4.2,5274.04,32509.05,697,93.8,43.2,0.443,0
57310.62,8.4,26957.49,4162.52,574,66.0,14.9,-0.062,1
29213.13,2.1,8267.11,7621.05,527,64.4,15.0,0.361,1
82601.0,6.8,32757.47,15350.07,580,85.2,52.3,-0.539,0
27623.23,3.8,5535.84,12877.45,710,93.6,21.5,0.455,0
102479.93,4.0,31872.68,44663.19,618,80.1,60.6,-0.312,1
260821.39,0.6,51680.58,25085.91,820,92.9,0.0,-0.508,0
66273.68,8.4,25382.03,13269.27,694,88.3,53.7,-0.455,0
74660.73,5.7,30408.9,19836.91,663,55.3,35.2,0.071,1
41312.78,6.7,4146.91,14534.58,850,100.0,33.1,0.8,0
20017.91,1.9,9867.62,1233.08,343,66.4,37.9,-0.069,1
38890.46,5.2,1452.14,11969.1,749,70.8,6.1,-0.039,0
29700.16,3.8,12442.35,12241.05,509,100.0,57.4,0.269,0
24444.18,5.9,7828.8,7224.27,602,84.3,26.4,-0.202,0
139706.35,5.0,60116.36,56443.04,702,73.3,18.3,-0.052,0
62948.64,12.8,26365.86,17685.24,533,77.4,78.3,-0.122,1
66757.92,10.2,11220.15,27484.09,733,71.7,28.0,0.689,0
45708.42,3.4,10802.94,5427.27,667,72.8,17.7,0.026,0
49262.62,6.1,10883.34,29798.5,741,95.1,51.3,0.262,0
92088.27,3.2,14774.62,17457.21,671,77.0,40.3,-0.249,0
53221.33,8.2,0.0,20500.46,807,69.0,55.2,-0.399,0
72539.15,3.9,6946.31,16015.09,762,73.4,36.7,0.232,0
48639.81,2.8,8316.34,20579.39,708,81.8,54.1,0.088,0
44883.07,5.2,14061.57,9073.27,659,73.5,76.0,0.361,1
24989.15,9.7,4577.12,1353.14,642,79.7,19.8,-0.31,0
18255.8,8.7,7103.12,1000.0,522,88.9,25.8,-0.032,0
46917.26,3.0,15768.11,7277.8,734,77.3,2.9,-0.451,0
55886.22,12.0,21862.98,26626.24,601,72.0,42.6,-0.173,0
26705.6,2.0,4080.43,4280.58,695,74.2,37.5,-0.506,0
53158.79,2.6,27204.04,18639.07,611,100.0,60.3,-0.1,0
55801.94,8.0,19334.69,20945.25,803,100.0,34.4,0.458,0
16550.9,0.5,2105.48,1000.0,617,84.6,33.3,-0.3,0
32750.76,4.4,6739.55,13996.7,646,94.1,38.9,-0.305,0
67778.15,3.4,37685.04,20752.7,595,70.8,30.3,-0.058,1
67029.11,12.5,7494.56,39648.17,721,75.7,42.4,-0.064,0
28723.73,1.7,9406.21,10527.01,552,90.3,39.5,0.27,1
59109.47,1.8,15321.05,12037.43,689,50.9,45.8,-0.455,1
95065.74,13.6,39703.29,31753.51,694,94.8,30.4,-0.876,0
83065.95,3.4,26617.45,33022.44,743,76.1,46.0,0.022,0
51410.25,9.4,2251.69,22729.03,764,68.9,47.3,0.592,0
41882.07,3.0,17892.95,4051.61,603,89.4,28.5,-0.068,1
38325.11,2.5,9443.06,8268.79,725,100.0,33.4,0.139,0
70073.56,9.7,34090.4,17283.03,596,79.6,31.5,-0.028,0
60313.26,15.8,5121.16,27406.03,827,88.1,10.5,0.261,0
76586.2,10.3,13958.79,36102.01,737,90.4,25.3,-0.103,0
58251.82,2.9,5705.89,9952.06,815,87.4,50.2,-0.026,0
84992.66,4.2,56857.08,24142.5,532,70.0,51.9,0.573,1
57069.55,1.9,26194.34,22331.57,565,87.1,41.8,0.4,0
83414.61,2.2,14625.65,39330.09,741,86.6,14.7,-0.242,0
87461.37,2.1,34883.11,15206.56,593,45.8,54.6,-0.233,1
34804.79,3.1,5063.73,12658.24,604,96.0,72.0,-0.209,0
20040.71,4.8,2237.8,5528.36,602,62.9,46.9,-0.393,1
126616.87,4.4,49752.29,46090.58,742,85.8,34.9,-0.193,1
62390.13,7.2,0.0,5832.91,840,100.0,17.7,-0.043,0
21100.09,4.9,6174.09,5028.04,601,80.6,34.7,-0.271,0
36585.21,6.7,13220.13,11393.94,542,69.4,25.1,0.179,0
82828.78,7.5,46733.94,23191.79,637,91.8,31.0,-0.586,0
46452.14,2.9,6888.08,10818.46,707,100.0,60.8,-0.413,0
40878.77,3.8,31187.87,9622.33,340,68.5,52.7,0.231,1
117065.05,26.8,24726.15,15575.33,688,51.0,28.1,0.665,0
30454.59,2.7,2272.78,6951.52,634,100.0,36.8,0.089,0
34927.01,7.0,0.0,12267.19,745,96.0,34.9,-0.292,0
60855.81,1.3,20544.23,8737.08,569,89.4,26.3,-0.39,0
67154.43,7.6,13772.68,4288.53,639,58.8,8.1,-0.131,0
71181.53,2.3,8778.19,32360.43,708,92.4,51.6,0.443,0
89427.27,4.5,27543.78,43682.31,764,98.5,58.6,0.18,0
60428.63,1.1,7258.4,6116.41,735,100.0,22.9,-0.433,0
70909.6,4.1,27019.64,26900.47,598,80.1,21.9,0.127,0
46978.01,4.2,4817.12,5328.68,695,86.2,53.2,0.502,0
56077.17,3.7,11482.7,26023.62,758,53.9,21.7,0.413,0
57477.21,6.0,17448.6,28214.03,658,97.6,7.3,0.466,0
60980.17,9.2,13197.22,19429.49,790,97.2,26.1,0.28,0
82859.1,1.8,26967.49,34935.52,722,89.7,62.1,-0.449,0
73521.28,3.8,20009.34,16789.0,850,100.0,24.5,-0.283,0
55510.05,0.7,16192.39,11466.26,684,73.1,22.0,0.609,0
34716.86,4.9,5486.31,2682.57,684,80.9,25.6,-0.119,0
56230.76,1.7,0.0,7171.7,803,81.5,12.0,-0.664,0
53347.92,4.3,4293.63,16724.52,819,99.4,8.6,0.212,0
60249.52,5.0,32271.07,14215.45,692,99.7,29.8,0.372,0
182332.81,0.8,29001.13,39495.18,846,88.4,6.9,-0.028,0
40616.31,5.6,3434.66,15478.13,850,87.7,27.0,0.192,0
68340.58,8.9,61615.17,35917.32,535,91.7,40.3,-0.29,1
97504.53,6.6,33913.63,38204.57,686,79.3,42.5,-0.163,0
57176.66,1.9,31687.71,22740.71,620,100.0,32.2,-0.633,0
195989.2,4.1,59480.54,92970.28,807,77.7,11.0,-0.376,0
44005.87,4.5,2742.97,10168.53,761,90.0,26.8,0.503,0
64747.42,3.8,477.84,27334.97,806,75.7,41.9,-1.0,0
34914.48,1.3,20224.17,9681.47,579,97.3,47.4,-0.136,0
44652.31,2.2,0.0,8687.64,850,82.6,29.5,-0.187,0
62125.61,3.6,7360.57,33025.85,752,100.0,20.9,0.208,0
86289.85,5.0,20429.86,23489.31,736,82.2,36.7,-0.747,0
64569.8,2.7,30439.23,15165.67,610,97.1,27.9,-0.267,0
108284.05,0.6,40752.46,18790.29,676,75.2,14.6,-0.206,0
51419.31,2.8,2076.04,35186.53,709,79.7,41.1,0.142,0
45130.22,12.8,8060.25,16947.44,718,83.4,35.4,-0.003,0
239711.6,5.6,0.0,31629.75,850,88.9,12.8,-0.58,0
67294.29,4.9,40218.31,21804.45,655,73.5,22.4,-0.119,0
36471.45,2.1,8655.42,10523.06,741,76.0,31.2,-0.272,0
36980.83,2.9,2444.89,14065.67,802,85.2,4.5,0.162,0
32258.15,0.5,11521.45,11571.02,545,89.6,20.5,-0.086,0
90681.91,2.0,25446.77,11324.01,822,83.5,47.6,0.612,0
44337.78,5.4,27913.01,8232.65,518,81.5,25.2,-0.232,1
58107.46,4.9,23776.4,36475.52,588,65.4,19.0,-0.199,0
52316.66,2.5,7821.62,8803.9,759,91.0,56.7,-0.186,0
81009.43,3.8,34916.23,8750.68,643,95.8,42.0,-0.068,0
34005.95,4.4,6614.19,13617.84,766,97.5,48.9,0.295,0
29984.48,2.6,12656.98,1000.0,649,86.1,19.3,-0.155,0
61289.48,5.9,22859.3,17767.77,801,75.6,29.3,-0.138,0
75397.37,4.8,13338.31,22959.34,757,79.5,34.8,0.125,0
65048.78,3.0,34140.33,7777.1,607,86.2,39.5,-0.331,0
34710.6,1.4,6745.69,5529.51,770,83.7,80.7,0.221,1
78638.5,2.8,10930.65,4545.08,610,72.2,36.7,-0.132,1
35985.68,2.7,6409.58,4563.92,605,60.4,56.7,-0.316,1
40666.25,2.5,916.66,12455.88,668,76.2,80.8,-0.644,1
32235.56,0.9,8811.97,5414.44,681,80.1,69.3,-0.386,1
110817.18,10.5,19272.91,13375.05,850,88.3,38.1,-0.072,0
76755.62,10.2,17607.74,33289.02,674,78.3,58.0,-0.032,0
75564.84,3.7,7162.12,16445.43,842,80.5,37.6,-0.099,0
107577.44,5.0,31374.87,12434.35,833,85.6,34.2,-0.518,0
254474.8,5.8,53656.1,86192.68,850,100.0,51.8,-0.074,0
21161.22,3.8,6345.88,1000.0,573,81.7,52.7,-0.544,0
36094.4,5.2,24524.09,13106.17,468,62.3,45.1,-0.444,1
38603.71,6.4,14480.95,12726.29,543,74.4,31.6,0.38,1
33929.81,4.7,4497.42,9836.62,847,100.0,25.3,-0.047,0
29951.34,7.2,3485.1,14502.75,701,100.0,10.9,0.148,0
45944.56,2.4,9763.04,13557.2,658,97.2,38.2,0.49,0
27746.58,4.1,14497.03,11045.56,536,93.8,39.7,-0.031,0
65138.65,21.0,24742.28,13302.67,664,94.0,51.6,0.325,0
55738.93,8.4,37905.02,1994.36,582,80.7,5.8,0.124,0
70584.49,4.8,7110.93,11395.71,787,96.1,37.1,-0.263,0
71628.67,1.8,11418.65,34951.76,732,96.7,31.0,-0.062,0
75482.32,4.3,23680.74,20457.93,672,95.8,33.8,-0.274,0
44118.09,8.0,1921.2,21522.89,749,75.6,59.9,0.203,0
173968.39,6.9,76371.06,73673.93,730,79.5,60.6,0.338,1
61632.04,0.7,29756.91,17786.65,478,75.0,55.3,-0.49,1
19450.6,0.9,2572.79,7624.95,719,98.0,36.9,-0.319,0
31216.23,1.0,8986.66,12136.27,617,88.2,31.2,-0.137,0
20800.31,5.9,5368.42,11917.22,503,89.5,59.1,-0.297,0
54695.35,1.0,18751.8,17395.43,557,92.1,69.2,-0.094,0
50665.84,1.8,15450.32,25898.57,652,64.2,67.0,0.115,1
41871.72,3.7,6453.46,8394.18,813,96.3,44.8,0.438,0
163735.79,9.0,59488.99,80596.36,769,76.4,35.8,-0.189,1
73272.5,6.1,47410.8,44574.93,513,77.7,48.8,-0.205,1
80769.45,3.3,9887.31,29334.26,764,72.3,50.1,0.118,0
32464.73,7.4,12960.59,10347.95,623,85.1,27.0,-0.03,1
31271.75,15.3,9319.4,9909.8,560,83.1,31.2,-0.557,0
55284.23,4.3,31977.53,33552.23,498,64.5,95.9,-0.314,1
59584.69,1.3,21324.61,28446.6,616,59.0,27.0,-0.135,1
19516.76,1.8,243.0,18617.19,818,81.2,52.0,0.26,0
49061.56,1.8,36899.95,26417.98,691,95.4,24.7,0.376,0
54597.3,2.2,12569.47,18249.72,727,94.0,32.5,-0.384,0
48130.34,3.1,6176.82,23844.12,813,98.0,16.6,-0.283,0
34635.53,5.1,10925.3,1000.0,643,81.2,16.6,0.289,0
40265.72,1.1,15669.31,11861.2,553,79.0,47.3,-0.175,1
49154.69,1.3,7140.86,13479.27,606,82.4,45.0,0.111,0
56950.63,6.4,5741.95,17134.71,713,95.3,71.8,-0.081,0
75556.45,2.7,35673.95,26042.15,663,100.0,35.5,-0.003,0
98171.47,2.0,39470.88,47096.28,762,77.6,38.1,-0.159,0
46078.82,3.4,1570.93,2075.08,758,80.3,34.1,0.377,0
42155.23,10.0,3938.9,16290.16,725,84.4,15.5,-0.557,0
68920.62,7.0,24203.94,1000.0,624,80.3,46.8,-0.153,0
75808.42,6.7,12262.25,35795.23,761,75.9,31.6,0.344,0
42667.37,12.4,6287.9,10673.06,722,82.2,6.3,-0.089,0
83676.75,5.3,36984.87,34647.85,557,72.9,57.1,-0.055,1
92852.91,13.2,21813.53,30898.04,770,94.2,23.5,0.319,0
110241.37,13.9,11048.29,27608.73,850,100.0,41.6,0.145,0
144073.16,1.1,21935.74,34503.37,798,80.0,42.3,0.279,0
33640.0,0.8,11732.7,3382.22,736,100.0,39.2,0.401,1
54592.08,1.7,7805.56,20866.16,621,82.5,14.9,-0.523,0
54513.45,9.4,10213.75,7215.95,705,74.2,62.9,-0.178,1
51331.48,3.5,20801.74,8254.44,725,93.6,20.4,-0.307,0
37907.54,3.2,25810.76,14456.48,561,71.1,0.0,0.094,1
23931.26,7.5,8705.3,12602.75,506,92.7,52.0,0.344,0
57009.53,2.6,20669.28,11258.99,655,87.6,51.3,-0.895,0
35504.13,4.8,10908.35,17034.23,591,78.3,11.1,-0.574,0
56800.27,6.4,20643.02,15214.56,578,76.9,34.9,-0.746,1
35006.05,1.8,9345.7,17362.83,453,71.8,56.6,-0.323,0
29589.89,1.5,2335.73,12081.21,628,98.4,63.2,-0.012,0
61627.54,4.3,30657.59,25323.33,528,80.9,47.2,0.539,1
58865.29,4.7,4721.99,13156.98,804,88.4,51.5,-0.487,0
74503.78,7.1,18763.99,21148.47,681,83.8,49.3,0.808,0
180272.54,1.7,74280.02,32664.88,740,81.0,32.3,0.153,0
63102.09,2.3,27342.93,27132.02,762,88.6,13.2,0.166,0
70742.02,13.8,20005.45,10142.32,736,91.2,29.8,0.219,0
29951.7,8.3,9277.31,13979.61,566,85.9,57.5,-0.526,0
26694.18,3.8,9299.17,13872.13,571,81.4,57.3,-0.239,1
129386.09,9.2,10913.49,51092.18,763,68.8,39.1,-0.39,0
32600.6,1.7,6953.23,5468.08,511,75.6,28.3,0.193,1
30510.64,3.4,10095.88,8162.8,584,79.7,69.7,-0.351,1
53023.77,4.7,2866.67,16736.34,797,84.2,37.5,-0.109,0
51554.47,3.1,10038.45,20794.85,613,59.7,47.7,-0.268,0
32978.84,3.2,7697.71,12624.3,690,92.7,10.9,0.465,0
45810.32,6.9,3943.42,25078.6,728,88.5,33.9,-0.248,0
106527.31,8.4,49305.59,30984.12,705,75.9,56.7,-0.42,1
34776.72,2.9,9729.97,1000.0,649,71.2,7.6,0.133,0
25171.81,1.2,3678.18,1000.0,617,74.4,34.2,-0.057,1
90982.87,0.9,26876.11,44629.32,742,65.5,43.2,0.456,1
71023.3,0.5,12240.74,15528.98,789,79.2,63.6,0.072,0
38511.6,12.3,1338.05,9113.67,720,81.5,54.5,0.061,0
22692.92,6.9,8146.56,1000.0,617,96.9,68.9,0.272,1
35970.6,5.8,14730.79,19892.68,628,90.6,51.6,0.126,1
52570.61,2.5,15865.85,18065.27,704,100.0,52.8,0.242,0
102859.54,2.5,55015.64,31298.1,748,85.6,15.9,0.213,0
30634.43,8.6,9582.26,14136.07,559,71.2,15.3,-0.15,0
51715.56,0.8,7026.5,11234.67,669,100.0,68.6,-0.455,0
78537.35,3.0,12085.93,36326.96,794,79.5,25.9,-0.097,0
14622.3,9.4,3285.08,7340.73,495,62.4,24.2,-0.737,0
95662.57,3.0,24285.25,30114.23,848,87.1,0.0,-0.293,0
28272.71,6.6,7306.49,17379.21,553,61.7,56.2,-0.173,0
65029.58,3.9,17270.6,29915.21,850,82.8,12.6,0.419,0
62048.76,0.1,26018.9,3567.46,566,77.3,18.6,-0.088,0
98373.08,3.7,40214.31,12747.26,755,91.3,56.9,0.579,0
73350.78,4.4,10981.42,30413.49,803,97.3,0.0,0.13,0
14654.32,3.5,2260.98,2434.16,575,79.5,62.2,-0.605,0
35184.87,1.4,17651.12,9369.11,615,78.5,18.4,0.367,1
58455.02,3.6,5295.39,8254.25,816,94.6,32.1,0.331,0
48667.22,0.5,15437.04,17315.06,683,73.3,19.5,-0.621,0
70451.93,2.9,18409.59,27238.92,773,84.9,8.4,0.22,0
83629.5,7.0,11968.66,46760.58,800,91.6,19.8,0.471,0
75708.71,11.8,48368.78,22951.9,596,72.9,18.5,-0.784,0
48153.48,10.5,3611.2,27972.06,785,79.8,10.4,-0.411,0
19624.12,1.6,7674.14,4297.39,491,85.4,65.8,0.299,1
42170.88,1.0,10802.63,19301.84,672,100.0,15.6,-0.096,0
68118.39,4.7,20466.61,24998.65,701,67.1,0.0,0.486,1
29740.17,4.1,11251.94,1000.0,630,81.9,0.0,0.3,0
76665.04,6.3,31195.05,27678.11,628,100.0,43.7,0.261,0
89287.46,2.4,24847.9,19583.64,823,97.6,0.3,0.379,0
58091.63,4.2,2103.18,12304.0,721,80.1,31.4,-0.316,0
12000.0,4.1,6060.68,9716.07,300,83.0,74.4,-0.138,1
26823.98,3.0,15657.34,1000.0,546,90.4,38.6,0.652,0
152879.31,0.8,40538.16,65240.23,713,90.7,41.5,-0.152,0
40110.93,6.9,17005.87,15914.8,720,100.0,24.4,0.354,0
18191.71,4.7,3291.22,3926.49,700,99.8,34.7,-0.098,0
106871.89,7.3,33119.67,42477.6,701,64.6,30.7,-0.297,0
54575.79,8.5,19999.27,9456.85,640,61.7,41.2,-0.374,0
99480.53,3.8,62842.81,59435.95,625,76.4,68.1,0.165,1
63090.61,7.0,17720.15,36034.58,589,58.1,26.5,0.428,1
69717.56,12.0,31267.28,29164.91,735,100.0,19.2,0.142,0
66148.34,14.7,27896.46,18888.86,577,63.1,33.5,0.06,0
79508.45,5.1,18468.5,6699.04,759,79.8,54.2,-0.431,0
189583.86,5.5,17299.12,82175.4,824,71.8,28.2,-0.028,0
92415.82,5.1,9004.29,14707.68,661,61.8,40.3,0.034,0
22715.74,6.1,2317.67,3613.56,717,100.0,45.2,-0.337,0
69262.84,8.3,41561.94,35888.36,508,75.9,78.1,0.123,1
101500.04,5.0,20635.3,12148.37,850,100.0,53.5,-0.27,0
104975.83,14.1,40717.06,43055.81,807,100.0,17.5,-0.166,0
42845.99,12.8,9029.46,20578.92,676,84.0,0.0,0.242,0
102818.38,4.3,26224.98,34595.42,669,54.7,38.0,0.531,1
90242.73,4.3,43770.35,7145.28,701,79.2,20.9,0.501,0
222990.53,2.8,144046.15,90012.62,759,100.0,25.3,-0.078,0
35864.35,6.4,2742.65,6726.76,758,90.0,15.1,0.164,0
40983.7,3.2,15315.71,20703.62,643,81.7,24.9,0.194,0
45781.46,2.7,2127.12,19928.64,627,75.4,24.5,0.192,0
41372.75,6.3,13222.0,19495.26,762,96.4,32.7,0.017,0
33206.09,1.5,9852.04,20763.22,704,89.2,21.5,0.426,0
12000.0,8.4,266.98,4253.45,622,88.0,20.7,-0.242,0
42655.66,6.4,16633.4,18651.94,617,99.9,45.6,-0.426,0
66379.72,12.4,5230.72,14289.61,840,99.2,34.9,0.097,0
41304.55,5.2,7140.36,16149.03,726,90.1,35.1,-0.136,0
157072.01,7.2,88528.35,36659.7,644,61.8,34.0,0.644,0
54576.39,7.9,29273.96,22844.61,596,70.2,17.1,-0.189,0
110201.52,10.0,67719.31,24285.77,590,75.4,63.7,0.335,1
62553.74,4.8,19651.53,22629.36,534,83.5,75.6,0.139,0
85350.71,2.8,23840.19,36419.97,722,100.0,59.8,-0.516,0
63169.88,5.3,8154.27,22121.88,850,100.0,0.0,0.181,0
115016.58,8.4,8294.94,50505.79,850,89.5,21.8,-0.254,0
55869.09,9.2,34819.19,6065.07,554,91.7,49.2,0.815,1
71172.83,0.8,14945.6,6155.45,687,62.8,20.0,-0.302,0
66269.37,23.2,24234.61,23401.96,699,78.1,21.0,-0.349,0
46232.72,2.7,11199.28,12074.11,781,76.3,7.6,-0.79,0
67693.15,7.3,30467.18,35636.13,642,75.1,27.8,-0.294,0
185148.31,10.7,72266.08,49518.35,834,92.1,18.6,0.228,0
46689.83,4.0,3835.49,5274.71,777,77.7,0.0,-0.387,0
68234.51,9.4,12633.5,17147.47,667,57.5,58.0,0.154,0
108204.52,0.8,6488.77,25983.44,850,95.8,43.3,0.064,0
101431.53,9.7,9678.44,35489.99,850,100.0,8.3,-0.367,0
54526.61,8.9,5881.49,8814.73,812,88.0,52.4,-0.068,0
14605.25,5.8,1350.55,1000.0,705,81.6,37.5,-0.355,0
71983.09,8.4,28566.5,39534.51,612,71.4,58.2,0.275,0
15983.13,13.0,3327.34,11292.92,548,72.3,49.7,-0.664,0
121596.74,11.0,51152.57,51223.53,778,99.0,19.5,0.232,0
59469.01,4.2,19731.85,12482.2,634,73.5,48.4,-0.279,0
93884.51,5.3,18596.88,40303.78,804,100.0,49.2,0.015,0
32986.01,3.7,6284.32,5672.02,756,97.3,56.1,0.137,0
23066.14,3.3,3567.57,12359.07,566,88.8,54.9,0.023,0
62530.82,7.8,23739.41,4700.64,639,100.0,76.6,0.696,1
53184.28,3.6,11730.77,4486.53,788,100.0,54.1,-0.172,0
41342.76,7.8,4499.03,12455.28,723,78.0,19.3,-0.505,0
56758.67,4.0,17849.63,5643.82,711,69.7,38.5,0.735,1
248224.72,4.5,3889.93,125695.87,850,78.1,14.0,0.104,0
85732.65,2.1,40382.34,19091.4,661,82.6,59.2,0.028,0
96492.85,7.7,38257.49,46093.79,679,73.4,17.9,0.759,0
86177.58,0.7,38206.64,27183.83,689,68.3,79.6,-0.482,1
122235.43,9.9,50703.02,20009.38,764,87.3,29.2,-0.053,0
48798.78,17.9,13498.49,14543.94,683,96.4,34.1,-0.404,0
17498.69,4.6,5637.07,5587.66,649,100.0,25.7,-0.062,0
48838.67,4.5,2100.33,24639.36,838,85.1,20.7,-0.524,0
84664.75,1.0,27940.96,11837.42,745,92.4,24.4,0.009,0
31780.55,2.9,5678.69,16745.69,636,58.1,39.6,-0.016,1
49168.02,8.5,24268.63,1000.0,687,96.0,35.4,-0.034,0
37031.59,9.3,6398.35,8054.15,649,69.9,26.5,-0.816,0
123762.05,5.1,22001.11,14851.99,830,88.3,41.1,0.247,0
81813.81,8.1,15045.1,37021.43,749,83.4,24.1,-0.102,0
77524.35,2.2,12392.02,27602.08,793,80.6,34.9,0.899,0
76258.24,6.0,6650.01,42489.48,644,63.2,70.3,-0.185,0
53077.74,11.7,25563.02,20235.13,609,73.4,23.5,-0.243,0
60394.66,6.9,7789.96,4668.35,792,70.6,28.9,0.036,1
28230.22,12.9,1208.31,10168.24,680,75.7,11.9,-0.452,0
16276.16,13.2,4140.77,4320.74,659,100.0,28.2,0.409,0
58838.08,6.3,32531.62,21179.91,575,79.1,42.5,-0.346,1
64743.89,0.0,10055.54,12052.42,683,74.6,24.4,-0.308,0
105355.49,9.2,50360.51,47465.43,723,93.1,12.3,0.276,0
128570.76,1.4,8019.96,15042.3,850,88.6,42.2,0.074,0
128476.23,0.2,19104.35,66333.69,827,100.0,44.3,0.067,0
31291.04,0.6,13509.8,4650.19,696,98.2,47.3,-0.476,0
44634.14,9.6,22428.06,19329.41,523,56.2,10.2,0.34,0
70557.54,6.3,9065.19,16232.1,788,95.3,62.4,-0.361,0
218064.81,5.2,18571.86,97886.63,850,93.6,25.2,-0.604,0
122278.26,6.8,24230.45,56085.24,850,100.0,14.8,0.129,0
100274.67,0.6,20966.41,53223.8,710,81.2,55.5,-0.075,0
43770.56,3.7,32006.25,16203.37,500,99.3,61.7,-0.084,0
33330.9,2.5,8915.78,3740.12,713,79.0,28.7,0.234,0
83608.41,4.9,383.3,40462.35,850,88.1,18.3,-0.112,0
29573.57,5.0,8213.25,7560.23,591,69.2,43.8,-0.612,1
47517.82,6.6,21317.8,14710.88,550,64.8,8.4,-0.119,0
50862.04,7.3,13579.15,17190.24,654,96.2,86.0,0.101,0
130105.59,0.7,36804.58,38187.87,850,84.0,14.4,0.062,0
44574.47,3.7,12169.45,10435.76,520,66.1,42.1,-0.063,1
14163.35,4.4,5216.07,5901.77,450,95.4,31.8,0.844,0
71499.42,1.4,18676.7,15819.68,594,45.7,16.6,0.581,1
36884.18,1.2,4462.23,7178.25,662,72.7,16.3,-0.42,1
55461.65,1.0,13936.67,24437.41,591,60.7,57.6,-0.479,1
51653.46,8.1,750.59,20025.09,803,100.0,42.3,0.464,0
46604.99,0.8,21922.77,17290.1,602,77.9,21.1,0.373,0
83674.31,1.0,26046.05,19801.62,703,85.1,23.8,0.518,0
23316.68,4.7,4331.19,1000.0,743,88.3,18.7,-0.155,0
40767.57,6.0,16617.98,11866.69,670,95.3,52.6,-0.056,0
78922.44,4.3,27834.12,14776.93,700,93.7,53.4,-0.622,0
38648.12,1.6,6751.59,11300.41,778,95.2,45.5,0.05,0
22362.85,1.2,4732.28,8542.82,415,80.3,40.1,-0.224,1
78253.23,4.6,14716.35,29541.13,797,95.9,47.5,-0.273,0
100478.8,3.9,24318.37,19197.12,822,74.8,2.0,0.323,0
52852.1,3.2,8197.11,14061.79,670,78.4,40.5,-0.055,0
18426.31,7.8,8193.57,4460.13,459,62.5,56.4,0.289,1
79880.21,3.7,53487.77,8500.67,588,100.0,39.6,-0.038,0
21743.32,1.1,10495.84,9270.33,508,70.1,36.1,0.192,1
64205.21,3.2,30152.45,16806.41,609,100.0,22.3,-0.459,0
33252.82,6.5,1429.86,11601.27,799,91.5,23.6,-0.345,0
28626.51,3.5,665.31,1000.0,732,86.8,24.5,0.159,0
42486.83,6.4,8395.98,18139.68,713,89.1,39.5,0.592,0
48980.93,7.4,17308.62,20101.24,613,69.1,25.3,0.163,0
38013.08,3.7,22669.66,12673.59,687,100.0,0.0,0.005,0
74890.84,4.3,9079.74,32719.45,760,78.9,51.0,0.526,0
42389.75,3.4,7002.95,15065.89,794,98.2,45.4,-0.076,0
92883.84,6.5,41512.87,43787.64,624,76.4,42.1,-0.279,0
63237.02,3.3,4298.97,12030.81,775,64.0,16.3,0.002,0
36913.9,6.1,5886.19,1000.0,828,100.0,25.2,0.13,0
33648.81,5.1,9091.32,15712.76,699,75.6,45.4,-0.443,0
21892.01,0.6,5180.12,1000.0,432,90.5,35.5,0.045,0
63570.4,6.3,26343.41,23743.6,555,41.6,21.0,-0.603,1
44577.16,4.7,4883.06,14866.94,612,83.0,61.0,-0.105,0
14695.44,10.2,5897.43,5525.8,539,92.5,18.1,-0.055,1
40350.41,1.4,12291.86,19119.63,649,86.0,0.0,-0.011,0
33005.56,5.2,1517.83,2972.82,748,82.6,36.7,-0.685,0
128878.15,2.9,14297.61,51425.09,813,81.0,37.6,0.035,0
21236.4,0.7,0.0,13471.46,669,96.2,36.2,0.306,0
24520.31,0.4,2358.72,4811.29,654,65.9,43.0,0.493,0
99756.08,11.6,33610.74,44883.05,699,80.7,23.9,0.509,0
114258.62,5.2,39499.0,56667.2,719,100.0,55.5,0.009,0
35963.48,3.6,20440.2,15553.79,486,63.2,7.7,0.867,1
38267.37,0.9,1888.22,6287.42,715,82.5,34.6,-0.266,0
76033.51,11.2,20307.73,26407.17,696,68.6,22.5,-0.255,0
15064.48,2.3,3193.49,6992.03,587,88.2,55.1,0.006,1
19464.42,5.4,4722.5,1378.43,579,84.5,19.1,0.29,0
46425.15,4.6,19580.45,13864.51,595,70.8,36.4,0.225,1
127063.19,14.8,56410.89,23543.31,713,84.3,36.7,-0.829,0
42631.49,4.2,17322.77,14709.63,616,84.9,38.9,-0.337,1
57269.03,2.7,4471.54,30057.95,650,75.5,20.4,0.269,0
101071.56,5.2,54686.1,52412.07,656,78.2,42.3,-0.311,0
172609.41,5.7,111766.45,88339.9,676,74.9,35.6,-0.045,0
39447.79,21.8,8785.85,12981.82,593,52.1,41.9,0.126,0
53677.0,4.1,20883.44,22203.71,659,97.0,66.5,0.169,0
147580.69,1.4,74713.73,20022.82,827,100.0,37.3,0.301,0
23453.86,3.2,8846.35,2163.26,547,59.5,15.1,0.445,1
95336.65,5.2,25112.07,18763.97,730,100.0,74.2,0.221,0
30943.75,6.0,6073.36,13024.28,651,89.6,54.6,-0.43,1
57317.42,0.8,45891.39,11675.69,404,68.6,48.1,0.205,1
47408.63,2.8,12682.32,14204.47,604,81.1,31.3,0.379,0
31987.28,14.2,17550.27,10888.66,510,74.1,49.8,0.159,0
31548.9,1.9,4482.15,12273.31,732,96.9,0.0,0.451,0
63071.73,8.0,26315.84,19739.76,612,71.2,65.9,0.083,0
93671.25,3.2,44635.96,10023.92,818,100.0,52.9,-0.044,0
50445.31,4.3,28221.54,14110.93,689,100.0,31.5,-0.296,0
56306.33,0.9,23554.78,14624.65,499,66.9,52.4,0.712,1
74172.28,3.5,20190.45,38970.15,715,100.0,47.4,-0.366,0
31748.78,5.2,19836.02,15844.38,589,94.2,14.8,-0.002,1
81375.61,4.2,34322.81,37272.3,690,81.9,38.6,-0.125,0
85019.74,3.7,13753.92,26252.56,850,93.5,42.5,-0.467,0
226838.7,6.5,122817.18,29843.95,756,96.9,32.3,0.311,0
44052.73,1.2,6210.49,11712.27,592,73.4,30.6,0.175,0
42110.61,5.4,15998.36,20712.82,587,95.7,53.0,0.085,1
82696.39,0.4,7191.93,17951.29,850,77.9,38.5,-0.22,0
85008.56,9.6,29101.96,11864.13,707,95.4,72.6,0.197,0
40364.34,3.8,12672.77,24178.33,702,82.1,21.9,-0.091,0
43401.99,7.6,10282.09,25227.42,613,69.9,43.2,0.168,0
72956.74,0.1,5156.85,9452.82,773,92.8,16.6,0.503,0
34366.2,6.8,13284.48,22496.45,603,78.7,48.5,-0.855,0
43226.38,2.2,1853.85,9207.99,681,86.2,12.7,0.351,0
56912.83,4.4,12610.21,12083.26,749,89.7,40.8,0.831,0
93691.83,6.9,27157.84,32879.56,835,100.0,58.6,0.602,0
38850.29,4.0,14631.06,12192.5,459,77.9,36.0,0.271,1
19666.83,6.3,3335.7,9247.51,559,72.1,15.2,0.428,1
18880.24,3.3,4580.15,8777.38,617,100.0,53.9,-0.297,0
27100.92,10.1,5742.6,1000.0,615,84.0,42.2,0.084,1
26311.4,3.8,8375.47,6084.67,570,76.4,33.3,-0.052,1
49759.87,3.9,19469.26,12708.7,807,89.1,15.6,-0.164,0
28172.9,3.9,9719.94,13765.39,573,79.2,2.8,0.346,0
36808.53,4.3,19430.77,13656.18,488,80.3,80.0,-0.069,1
35392.41,1.3,8139.91,17379.37,643,100.0,23.5,-0.649,0
42519.61,1.8,5441.51,16813.6,593,70.2,15.1,0.153,0
112125.87,8.4,60321.86,20443.0,619,63.9,41.3,-0.01,0
77969.36,7.6,30914.78,44658.14,671,100.0,14.6,0.243,0
54659.11,7.2,18214.99,18900.09,579,78.7,45.0,-0.143,0
42042.47,5.9,13096.41,16195.41,635,88.5,62.0,-0.603,0
42690.09,2.8,10001.79,10949.94,761,92.9,13.8,-0.341,0
64877.79,2.6,7130.29,17086.77,638,59.5,29.0,-0.32,0
74704.3,4.1,50945.25,24278.26,564,100.0,43.6,-0.36,0
32886.26,9.3,17165.24,8686.84,488,76.1,10.6,-0.197,0
55274.36,5.0,6373.83,7542.3,837,100.0,16.8,0.255,0
17722.84,1.7,9557.63,7451.39,452,72.9,32.7,-0.483,1
60866.77,1.0,23042.79,29736.08,667,100.0,74.2,0.309,0
82386.93,7.8,7076.2,26979.94,798,100.0,17.9,-0.444,0
46442.13,11.4,12917.49,24728.75,677,77.1,29.3,-0.133,0
147132.65,0.8,33883.06,42543.64,705,81.3,84.6,-0.012,1
33366.87,7.9,6849.64,8316.41,671,79.6,50.9,-0.105,0
61058.78,5.8,6448.62,28878.72,801,100.0,1.1,0.218,0
53119.34,2.1,6194.68,20816.14,774,86.5,30.3,-0.038,0
51268.73,5.0,11484.19,18806.61,664,91.5,46.7,-0.055,0
50874.79,1.5,19605.16,16215.79,675,82.0,63.9,-0.832,0
57463.65,3.6,8749.31,14447.5,648,90.6,62.9,0.14,0
86368.41,4.3,55332.48,11109.11,630,91.5,46.2,0.658,0
115584.24,10.0,27236.97,62644.81,695,75.6,49.3,-0.172,0
54109.35,3.4,25863.96,16532.25,657,100.0,9.0,0.231,0
84831.64,2.4,6671.41,28019.72,849,81.1,21.1,-0.288,0
36828.53,5.5,4505.33,5222.99,705,98.4,9.1,0.345,0
82559.58,6.5,15662.57,28939.03,710,66.3,55.6,0.182,0
35628.62,2.3,17443.17,12605.22,639,93.6,42.5,-0.128,1
98702.24,1.7,22904.9,42427.23,656,98.9,37.1,-0.151,0
182746.0,1.8,93505.68,53900.53,737,87.7,65.9,0.226,0
50658.07,10.0,1466.5,6355.1,836,99.1,45.8,0.014,0
16221.63,6.3,3746.03,2145.58,490,74.1,57.8,-0.431,0
40077.08,3.2,34546.14,3933.88,394,90.6,50.1,-0.535,1
106673.85,8.9,0.0,44377.54,709,62.7,52.1,0.206,0
73437.67,2.3,17234.46,34185.83,689,86.1,14.1,-0.267,0
62124.92,4.0,16469.71,14712.91,714,72.9,54.5,0.012,1
94350.1,1.5,11547.99,36251.93,752,83.0,44.5,0.206,0
70717.57,8.7,6308.17,8388.56,850,100.0,26.8,-0.421,0
105846.89,2.1,57949.64,60403.28,643,100.0,48.7,-0.355,0
89830.79,2.1,13708.34,47806.62,694,66.0,60.7,0.568,0
125108.33,5.6,20451.44,56603.07,850,100.0,33.0,-0.144,0
65995.24,0.3,6611.22,8548.03,850,100.0,20.0,0.357,0
89133.69,1.2,17247.44,18538.74,802,88.5,20.9,0.878,0
45756.09,7.1,3925.88,20735.36,799,100.0,7.1,0.084,0
38917.39,1.8,9626.49,5212.01,591,78.2,31.6,-0.302,0
138513.38,18.0,68987.22,58704.52,687,76.8,46.8,0.044,0
61017.29,4.8,27617.28,26260.34,572,76.9,69.7,-0.066,1
84346.14,0.7,15591.54,33976.6,850,94.0,18.9,0.023,0
57991.81,11.7,14273.83,21893.93,647,82.6,42.2,0.251,0
39238.61,4.8,5024.86,14375.24,650,74.0,35.5,0.291,0
54504.61,3.6,7073.45,29924.85,701,74.6,34.8,-0.702,0
119347.74,4.8,17417.53,27753.75,850,84.0,4.4,0.416,0
73525.09,0.7,17684.34,30635.01,615,72.1,14.8,0.096,0
21135.09,4.1,5622.36,8128.91,576,93.4,71.3,-0.201,1
48127.81,1.9,8542.77,26695.82,802,100.0,55.2,0.257,0
144388.32,3.9,68404.44,72312.5,765,97.6,40.7,-0.368,0
48166.15,2.9,20060.39,11740.05,682,100.0,44.2,-0.351,0
20125.37,4.6,8103.17,2821.64,494,89.8,49.9,0.371,0
153457.19,3.2,52973.14,17530.24,805,100.0,26.0,0.023,0
78851.05,2.7,25399.73,35366.68,652,86.6,26.9,0.549,0
52129.85,1.7,36078.8,25039.04,607,80.1,22.7,-0.24,0
44166.43,0.7,23266.81,12693.56,609,85.7,38.4,0.102,0
98252.26,0.6,9862.97,49115.14,846,86.3,12.0,0.136,0
40211.53,1.2,7782.0,12792.82,705,82.3,21.7,0.142,0
101878.99,6.7,50061.91,47861.55,678,68.8,45.1,0.217,0
72999.47,1.6,9600.63,24285.8,850,70.3,27.9,0.161,0
61980.5,2.3,13369.33,30420.61,805,99.9,0.0,0.007,0
58690.5,2.3,20146.83,29589.63,715,95.7,27.4,-0.68,0
49205.84,2.9,33831.85,7193.44,590,100.0,45.9,0.302,0
96288.3,5.9,63106.06,45407.21,666,78.5,37.3,-0.831,0
33659.86,3.2,7910.4,14593.37,716,77.2,1.2,-0.432,0
22202.08,7.6,2474.48,11441.21,605,67.9,55.6,-0.247,0
75958.47,1.2,21239.5,34651.8,822,98.8,30.1,0.316,0
76663.51,7.1,0.0,32445.41,795,71.5,41.8,-0.078,0
70553.93,10.8,0.0,13409.0,744,83.6,55.9,0.656,0
67795.47,4.1,10699.76,11320.54,830,88.4,32.5,-0.485,0
45419.77,1.5,1658.86,8973.98,666,62.1,0.0,-0.385,0
83542.89,6.0,9427.62,39662.47,777,94.9,70.1,-0.788,0
52835.73,4.1,24702.41,22084.68,642,98.1,0.0,-0.401,0
41443.55,5.2,8524.54,9114.18,685,87.9,28.3,-0.221,0
45636.35,7.8,11923.86,4495.82,654,82.8,60.9,0.513,0
164612.88,3.0,8162.65,75438.1,850,83.5,21.1,0.366,0
20863.64,2.6,12348.7,1000.0,506,100.0,22.2,0.083,0
71316.53,20.4,25124.58,14681.37,728,84.7,30.7,-0.109,0
21514.65,6.0,4043.26,1100.12,542,83.7,31.4,0.268,0
51045.45,8.7,10297.05,22247.31,645,74.4,17.8,0.445,0
42680.82,7.5,16370.57,15185.24,484,44.8,22.3,-0.226,1
17209.8,8.8,1204.95,3956.85,695,99.3,56.5,-0.192,0
67102.1,5.4,10990.87,4110.19,705,84.0,24.4,-0.151,0
43957.52,8.1,7094.69,16371.55,605,71.7,45.0,-0.607,0
17076.12,2.3,12214.34,8072.03,601,100.0,16.7,0.424,0
85970.75,0.7,10901.67,35032.43,763,90.2,62.7,-0.204,0
119282.92,1.8,26787.55,30957.58,850,81.1,53.8,-0.101,0
122954.35,3.7,25584.36,62601.99,850,98.3,33.2,0.51,0
66001.06,3.3,7285.98,26074.3,817,89.2,47.8,-0.189,0
55566.29,4.1,10627.37,25418.99,777,88.9,65.4,0.443,0
112474.99,2.2,13222.98,31352.34,791,75.5,15.0,-0.612,0
136668.15,0.4,72952.84,22250.83,644,93.7,13.9,0.197,0
101059.3,2.9,15597.28,14106.25,850,97.2,42.5,-0.156,0
32278.42,1.1,8571.31,20013.55,611,75.6,9.1,-0.553,0
60520.64,4.0,2296.07,33923.74,772,57.5,4.0,-0.397,0
68991.18,5.5,0.0,19423.31,850,97.3,2.9,0.049,0
20024.48,2.9,2850.11,1000.0,600,92.8,38.0,-0.336,0
70132.98,1.4,52485.53,6902.75,568,95.8,0.0,0.134,0
189121.61,4.3,20863.72,70443.54,850,84.6,26.9,-0.261,0
77031.13,21.1,8246.89,39660.52,850,97.5,0.0,-0.567,0
121829.43,6.0,53538.57,35164.14,632,74.9,43.8,0.339,0
59910.26,6.4,26115.74,26566.54,713,81.4,45.1,0.103,0
52038.02,2.6,20628.67,19542.83,488,69.3,30.8,-0.631,0
66816.09,2.0,8936.09,32185.54,850,100.0,58.6,0.229,0
34589.15,8.8,0.0,18378.71,729,83.3,50.9,0.043,0
31886.04,0.2,11721.65,14480.35,666,87.2,19.2,-0.151,0
108713.09,2.2,49462.51,37356.7,766,90.1,17.5,-0.137,0
115241.86,12.5,2849.65,57072.38,764,80.7,52.7,0.469,0
31410.31,3.8,2651.41,23573.97,699,95.5,48.7,0.112,0
92263.08,0.8,25676.41,28264.08,777,100.0,29.6,0.486,0
51646.21,5.7,8791.08,12406.12,850,97.7,0.0,0.167,0
65309.63,2.9,21136.99,26898.87,593,59.9,53.6,0.082,0
69781.22,0.6,20820.51,21512.1,815,85.5,36.3,-0.265,0
93610.02,4.9,42508.23,22326.87,788,86.2,33.8,0.055,0
56698.05,4.4,6012.49,29379.2,850,100.0,0.0,0.357,0
117664.08,4.2,43732.8,21853.57,707,76.3,45.7,0.028,1
64226.88,6.0,16058.9,31349.0,616,69.4,33.8,0.678,0
76366.65,1.3,27189.85,26620.81,782,95.7,24.2,0.357,0
34259.03,5.3,4664.57,2301.16,687,83.7,18.3,-0.419,0
177595.27,4.6,15274.52,57702.58,850,75.3,37.2,-0.17,0
70150.89,8.7,21930.76,24541.73,620,80.4,44.4,0.236,0
80189.56,2.1,45092.56,37816.72,527,64.2,27.4,-0.534,1
22370.49,9.8,5159.37,3155.05,641,86.4,46.2,-0.041,1
34458.6,7.4,13683.65,2392.63,688,79.7,12.0,-0.326,0
107026.96,3.7,36051.76,55654.03,813,91.5,22.0,0.014,0
63436.21,4.2,21303.63,23548.49,736,81.1,48.7,-0.324,0
18909.53,0.3,9173.81,8742.15,531,84.5,26.9,0.369,1
95899.83,4.1,5583.64,49150.08,850,77.6,69.3,-0.178,1
40171.76,7.0,12583.22,3598.8,639,80.4,40.5,0.233,1
117738.85,3.2,65037.91,10769.38,679,68.2,11.6,-0.523,0
51621.34,8.7,5756.07,18288.06,821,98.5,3.6,-0.107,0
60632.64,5.7,29141.1,22188.67,594,83.4,50.7,-0.448,1
103613.72,15.1,36161.96,32834.75,668,56.2,22.9,0.418,0
33069.9,2.3,3356.94,18134.9,637,61.8,53.3,-0.271,1
31380.26,6.5,3418.25,8464.25,767,98.5,24.2,-0.031,0
48626.59,1.1,9194.05,27600.4,534,83.4,39.8,0.123,0
85386.65,3.5,12266.08,6925.38,731,83.7,28.3,-0.261,0
26056.37,6.0,7738.64,1000.0,574,84.0,40.1,-0.42,0
21646.11,6.8,2822.64,1169.56,579,90.8,49.6,0.065,1
85224.69,3.0,23358.14,13398.47,718,100.0,35.4,-0.676,0
38884.93,9.3,0.0,9425.28,782,90.2,48.2,0.47,0
43663.84,10.8,0.0,15868.11,818,88.3,1.0,-0.048,0
19511.4,2.3,7192.46,13725.87,590,76.0,43.3,-0.516,1
37293.02,3.6,835.69,12267.82,736,62.4,35.5,-0.093,1
53951.35,3.3,38292.38,4644.98,622,90.6,29.8,0.202,0
90373.63,2.6,27703.12,45965.93,788,91.8,0.0,-0.286,0
35448.05,10.3,15751.49,9454.62,705,99.4,1.6,-0.68,0
134801.27,10.2,42770.28,47225.63,785,100.0,39.5,-0.043,0
37178.81,3.4,6322.53,17238.46,718,67.8,42.1,0.266,0
37208.76,6.5,2024.97,11387.06,740,75.4,43.2,0.082,0
126190.34,8.6,13257.86,43809.14,850,93.4,34.9,0.141,0
60858.28,4.9,24201.04,22864.6,679,84.0,11.0,0.335,0
39990.07,3.2,12808.41,16652.27,663,100.0,14.4,0.554,0
49745.57,2.2,25893.75,15393.89,620,81.3,0.0,-0.943,0
114026.99,7.0,41206.43,56153.01,701,100.0,37.5,-0.464,0
121347.25,1.2,51664.62,33403.24,757,84.8,73.1,0.059,0
34570.77,3.2,6259.99,10875.4,692,100.0,33.2,0.097,0
52926.6,2.8,11917.81,15813.19,594,50.3,19.8,-0.542,1
56930.49,1.1,28970.12,23924.54,492,90.8,35.5,-0.274,0
31494.49,3.8,1012.49,14345.46,657,84.3,32.3,0.603,0
52542.27,3.5,23348.53,16053.86,743,54.7,0.3,-0.124,1
54335.2,1.8,12981.75,3760.99,649,83.8,40.1,0.074,0
101429.09,10.0,14772.62,60159.59,782,66.7,32.8,0.627,0
105248.95,7.0,13400.76,53439.14,726,76.7,31.6,0.033,0
45203.73,4.2,7403.68,20829.18,598,88.3,74.8,0.276,0
48162.01,7.8,33336.86,27886.53,522,82.3,33.0,0.2,1
78069.97,9.1,11639.74,41020.02,747,89.0,71.5,-0.118,0
39267.26,10.4,17532.43,19602.38,595,86.2,18.5,-0.138,0
74888.24,2.3,28708.08,11741.09,755,100.0,4.8,0.414,0
51619.33,7.8,10718.55,12478.71,696,87.6,18.8,-0.003,0
31787.58,3.5,4241.17,14552.6,741,85.6,58.5,-0.353,0
32007.96,4.8,6752.61,12087.67,804,89.9,19.8,0.379,1
120076.26,2.4,19231.87,18763.05,850,83.6,6.5,-0.999,0
49710.34,4.1,17739.55,21309.88,494,61.8,41.8,0.552,1
133545.13,7.8,31273.5,49834.79,845,93.7,27.3,-0.065,0
40843.38,12.2,19277.83,9315.54,606,100.0,46.5,0.003,0
63586.91,3.8,21015.8,13469.65,704,100.0,21.6,0.029,0
201989.74,1.8,87774.97,58553.66,850,93.7,16.5,0.466,0
30285.89,13.4,17098.31,2203.34,483,80.2,68.2,0.061,0
19076.3,2.2,7562.78,4385.35,573,87.7,18.3,-0.008,0
109932.8,0.7,73800.12,36419.31,681,100.0,18.3,-0.333,0
34380.85,2.5,12696.18,17385.47,526,80.9,44.2,-0.25,1
53562.88,8.8,10310.66,20558.23,660,67.3,0.0,0.225,0
39251.5,2.1,10859.01,10992.71,663,100.0,49.7,0.078,0
62786.13,1.4,41338.62,27584.87,473,69.7,70.8,0.59,1
32119.07,4.5,11188.73,5522.9,551,62.0,52.3,-0.285,1
49071.46,12.2,19106.05,10683.15,690,88.5,14.2,-0.404,0
69383.09,5.8,21389.27,11771.75,719,89.7,20.5,0.105,0
31114.53,1.2,9496.03,10884.56,649,90.4,36.3,-0.03,0
36862.64,16.6,12216.02,7168.42,677,96.3,42.3,-0.419,0
44754.15,5.3,7622.07,13426.65,650,81.7,67.3,-0.182,0
24689.95,8.2,9949.82,5716.4,542,81.9,66.4,0.247,1
42941.39,0.9,14763.99,19373.08,635,76.0,30.7,-0.462,1
57834.35,14.8,32458.53,18217.94,598,85.9,24.4,-0.398,1
43488.34,3.0,17246.63,22012.32,573,91.6,19.4,-0.255,0
46664.68,0.8,17986.38,18649.76,582,96.7,47.9,-0.248,0
53586.59,4.9,11913.96,20315.3,705,71.4,56.6,0.278,1
37772.67,8.2,13876.38,12529.45,496,66.6,36.4,-0.194,0
79227.95,6.5,13147.79,4308.9,850,96.4,35.0,0.571,0
119346.7,6.4,7477.13,25925.52,742,76.6,77.3,-0.365,0
41964.98,6.1,20385.5,6933.58,439,70.2,48.6,0.128,1
70746.55,4.6,16118.35,17015.02,657,58.1,0.0,-0.014,0
47486.97,0.9,14211.5,18812.96,538,100.0,34.3,0.001,0
66238.56,3.5,29005.89,25427.77,545,87.9,39.0,-0.862,0
128178.45,3.1,28321.24,36912.69,824,91.6,29.6,-0.384,0
71665.36,10.4,12998.78,21197.92,688,90.1,60.2,-0.059,0
20427.19,8.8,2156.85,5079.1,602,87.0,28.4,-0.689,0
69542.79,2.8,10939.93,11887.15,774,83.7,15.3,-1.0,0
106731.87,7.3,9642.11,37420.56,833,83.0,20.8,-0.432,0
47959.98,3.9,20857.96,15365.41,594,70.3,48.5,0.118,0
93676.17,0.7,25759.38,14709.77,714,59.3,7.9,0.167,0
37065.3,0.3,22034.27,17982.54,584,100.0,25.1,-0.428,0
23931.56,6.7,9904.5,9762.02,566,84.5,51.9,-0.07,1
58550.39,1.6,20039.02,20229.48,744,77.9,7.8,0.148,0
20618.37,1.6,4469.57,3590.48,602,72.8,14.3,0.464,0
47482.95,2.2,27125.35,6707.81,678,98.7,1.1,0.45,0
109948.05,6.8,33282.63,34677.55,641,86.0,17.1,0.319,0
18951.35,8.9,2121.29,7441.27,596,71.9,24.6,-0.189,0
26803.21,8.7,3376.99,15118.16,717,79.7,30.3,-0.017,0
30711.19,0.6,8160.88,11802.35,618,88.4,16.7,0.025,0
52322.1,2.2,8731.44,31863.56,747,78.6,27.4,-0.076,0
44305.13,1.8,30924.15,9400.82,544,95.4,54.6,-0.482,1
116952.72,6.8,33249.99,30497.11,767,100.0,41.7,0.504,0
91572.98,2.2,15210.84,37043.96,748,78.1,77.7,0.151,0
71139.65,3.7,9606.72,13806.91,735,80.0,21.5,0.305,0
58694.23,7.2,8573.13,25489.6,691,72.4,26.0,0.231,0
67257.0,4.3,17956.95,9440.93,670,81.9,38.1,-0.152,0
33722.13,5.3,16322.0,14694.28,446,56.6,24.7,-0.525,1
86809.01,3.6,43534.55,16265.6,632,99.4,34.5,0.263,0
29389.0,8.2,13063.46,17809.3,524,65.3,0.0,0.24,1
85772.81,8.8,25430.7,37501.05,701,72.7,27.6,0.101,0
104024.15,6.1,9210.42,48020.62,782,85.2,52.6,0.753,0
60838.34,8.8,10819.81,27061.26,721,100.0,73.1,-0.198,1
49172.16,20.3,14874.28,22571.03,666,72.0,64.0,-0.11,0
67519.41,7.1,38268.45,3042.79,627,81.4,37.5,0.072,1
12000.0,4.0,8980.81,1000.0,300,88.1,44.6,-0.174,1
63974.64,5.4,37683.41,8473.07,570,74.6,41.6,-0.082,1
50901.89,9.5,2587.42,14664.64,775,82.3,23.9,0.361,0
52688.61,3.0,12832.61,14601.28,850,61.7,15.8,-0.227,0
79904.93,2.8,21202.14,37229.8,724,76.6,40.0,-0.203,0
51993.66,5.3,27701.11,18903.47,754,100.0,32.8,0.202,0
28937.29,4.0,6899.17,17666.95,626,95.4,51.8,-0.462,0
50122.66,1.8,12967.83,12705.72,644,77.8,0.0,-0.029,0
56227.18,4.7,40675.2,30706.76,425,69.8,31.5,-0.047,1
57711.61,10.8,25485.04,24201.72,626,81.0,59.2,0.219,0
59222.43,5.9,27566.0,20367.0,508,63.5,46.5,0.281,1
95956.76,1.5,24022.6,46145.06,715,81.2,15.3,-0.056,0
29812.44,6.6,5488.65,4522.0,692,78.3,8.8,-0.03,0
59673.02,3.3,24938.44,4105.38,606,77.7,34.1,-0.012,0
110134.91,16.0,15441.59,60270.07,786,82.0,50.7,-0.108,0
20867.82,6.2,5915.45,2993.71,533,91.5,45.3,0.452,1
59802.68,2.5,38335.64,27922.97,358,69.5,37.3,0.176,1
39263.15,7.0,0.0,19917.32,837,97.4,47.8,0.443,0
44183.61,5.0,5254.67,20269.98,826,99.8,40.1,-0.307,0
32937.13,10.1,11454.03,11872.41,634,100.0,47.0,0.438,0
49352.67,2.7,2526.59,29475.42,755,88.1,53.7,0.042,0
149147.43,6.2,37569.79,72020.37,801,100.0,26.1,0.239,0
27026.23,0.9,17894.15,4477.08,515,97.7,17.3,-0.668,0
28473.08,4.6,3344.64,2148.18,812,86.7,49.6,0.569,0
26474.47,1.5,12294.37,3781.15,639,67.0,24.8,0.154,1
140095.56,4.9,34747.41,39318.34,850,96.5,0.0,0.652,0
42012.11,5.7,14956.18,24762.56,509,87.4,63.5,0.389,1
53417.76,6.1,15418.82,26734.99,746,100.0,40.1,-0.717,0
43411.05,2.7,20184.1,12026.36,603,94.4,39.2,0.533,1
32227.24,4.7,4608.7,8187.18,701,98.8,31.3,0.065,0
47603.77,9.3,19564.92,18074.51,583,75.9,51.7,0.225,0
209406.79,13.1,6296.98,99655.54,850,87.4,9.3,0.19,0
116499.12,4.8,33546.97,36932.94,689,57.1,35.1,-0.035,1
33890.3,9.5,4818.29,9296.15,738,91.8,40.6,-0.142,0
77355.41,2.0,53980.25,19836.89,636,100.0,46.0,0.247,0
34291.83,3.1,10877.25,14434.65,730,100.0,0.8,-0.291,0
20394.04,5.2,1860.16,5167.1,663,79.0,46.9,0.01,0
94914.43,4.0,29959.06,37340.69,637,58.6,26.6,0.491,1
102544.39,3.7,40662.92,44014.74,612,76.5,22.0,-0.427,0
96310.13,8.8,27778.72,8474.88,829,82.9,3.8,-0.07,0
41838.58,1.7,18349.17,9829.04,463,89.7,79.7,0.409,1
49428.05,1.9,9100.05,18256.08,650,55.6,32.4,-0.286,0
81827.7,1.2,31332.37,19153.28,814,82.5,39.9,-0.668,0
67192.9,5.3,20908.1,14060.61,692,69.5,14.0,-0.694,0
43629.96,3.3,36119.01,1188.93,582,100.0,4.4,-0.165,0
22236.95,8.2,4933.77,7912.02,530,51.3,51.3,0.589,1
57678.01,5.0,38651.48,22097.98,685,98.2,8.0,-0.267,0
98071.82,2.7,19505.22,20981.22,831,81.8,61.1,-0.101,0
28038.29,2.3,6112.45,20606.87,422,55.3,71.0,0.019,1
76981.29,3.8,8052.27,25787.37,850,100.0,19.5,0.387,0
65013.35,1.5,24000.87,16172.59,720,100.0,25.8,0.3,0
81844.92,8.9,37620.17,9056.94,712,100.0,0.0,-0.054,0
87516.84,3.2,32003.48,8972.29,669,85.3,0.1,0.21,0
36976.73,1.0,4258.05,12767.06,683,74.6,47.6,0.371,0
22262.8,10.2,2699.91,7918.69,609,84.9,60.1,-0.576,0
40399.16,3.8,25687.38,16294.87,570,91.6,19.4,-0.132,0
88346.34,6.6,3412.57,8489.16,809,76.4,22.4,-0.42,0
40211.08,2.7,10371.92,1000.0,678,72.0,3.4,-0.254,0
36985.31,10.4,20532.07,10682.82,615,90.9,12.4,0.228,0
19895.67,2.1,2711.64,6291.48,698,86.7,61.6,-0.42,1
142053.09,3.3,0.0,25425.8,850,97.0,41.2,0.808,0
85318.15,0.7,26695.09,20013.0,850,100.0,0.0,0.231,0
82738.71,10.3,20184.53,46306.95,753,96.0,46.3,-0.205,0
92249.21,2.4,18930.83,46149.45,619,67.9,82.4,-0.046,1
74398.39,5.4,40854.74,30927.22,622,83.8,27.1,-0.451,0
47364.07,6.0,13597.89,3372.29,670,89.4,21.7,-0.516,0
49509.99,9.1,15931.76,16922.25,630,95.3,46.6,-0.135,0
42823.38,5.1,3971.92,13233.5,726,96.0,55.1,0.458,0
230753.98,4.0,66622.48,83843.5,849,83.2,51.4,-0.492,0
73552.27,8.5,10709.39,39897.84,798,77.1,28.7,0.432,0
41978.37,5.9,6453.54,3359.91,746,98.1,26.6,-0.065,0
69984.09,3.5,26211.01,37513.28,794,89.3,0.5,0.084,0
31070.75,10.6,16681.99,9554.67,572,87.9,10.4,0.026,0
123930.81,6.3,16814.79,55980.05,660,74.1,42.2,0.271,0
37662.19,1.4,12207.09,3100.95,587,100.0,24.3,0.384,0
71367.44,11.9,27236.24,13834.01,690,87.5,39.9,-0.075,0
97371.39,2.7,26681.6,10561.47,622,82.8,30.2,0.178,0
66944.73,9.1,7070.05,26817.82,724,87.5,36.2,0.455,0
57065.7,1.0,1950.93,1458.51,655,82.2,35.4,0.285,1
54499.19,8.5,10695.92,8884.98,638,66.0,49.9,-0.145,0
52520.42,1.4,21692.88,18329.0,645,88.2,52.0,-0.068,0
39451.05,5.0,22521.98,14945.05,393,63.7,34.7,-0.345,1
42310.23,6.1,563.34,18057.89,800,85.4,30.9,0.636,0
122244.05,3.6,50650.38,46809.8,654,61.7,34.3,0.107,0
51036.93,4.4,4329.39,23606.04,597,53.8,19.3,-0.491,0
35165.19,1.8,25741.52,12935.14,485,92.6,56.7,-0.294,0
40783.64,7.8,8900.56,8807.36,610,68.5,23.8,-0.054,0
99230.81,5.2,45926.08,9319.13,656,90.1,31.8,0.47,0
78557.31,2.1,11174.67,28178.27,683,86.4,38.5,-0.067,0
73731.18,5.4,42407.22,1988.48,608,86.1,41.2,0.211,0
47021.65,5.5,15053.76,20749.25,610,75.2,40.4,-0.25,0
74261.61,4.6,15128.68,25979.3,724,82.2,32.3,0.226,0
38026.61,0.3,538.38,6149.7,673,74.8,67.9,0.455,0
46967.55,3.2,8461.78,25801.89,756,97.2,36.5,0.276,0
92354.75,7.8,47686.47,36665.92,629,77.2,30.0,-0.86,0
87627.73,6.4,12674.82,31197.58,632,80.5,71.0,-0.053,1
31569.59,6.2,14537.97,14098.27,608,94.4,19.4,-0.37,0
33842.09,5.2,3229.49,11141.2,586,75.3,70.9,0.235,1
57514.14,8.4,5254.72,8855.27,766,58.9,0.0,0.025,0
139996.51,2.6,0.0,23064.03,850,69.1,27.0,0.599,0
18890.97,2.2,5075.35,9061.78,726,98.8,1.6,-0.116,0
63138.32,13.9,21389.29,15337.8,694,85.2,7.8,0.025,0
25417.07,2.4,13593.69,9128.59,581,88.1,44.1,-0.043,0
38220.14,1.3,6631.2,11536.62,609,88.1,40.7,0.252,1
44336.54,3.5,21066.2,9849.09,650,100.0,22.8,-0.34,0
42989.9,4.7,2386.73,5536.77,570,54.9,67.7,-0.35,1
40393.02,8.4,1252.42,6079.77,739,82.2,57.7,-0.197,0
54391.54,3.2,12495.57,26566.94,816,84.4,34.0,0.205,0
40360.6,3.2,2410.28,16308.25,789,83.7,0.0,0.364,0
24237.31,4.4,3034.09,8465.8,580,95.2,54.2,-0.033,0
83193.82,2.8,34836.2,30569.57,674,95.5,25.3,0.207,0
81967.63,1.1,11288.48,24375.43,850,81.0,40.8,0.178,0
86141.44,1.4,39608.32,27553.98,642,60.3,51.0,-0.02,1
23215.98,10.0,8196.13,3228.91,599,100.0,27.0,-0.028,0
63857.22,7.2,18845.01,16015.09,711,83.9,60.6,0.267,0
78573.39,4.2,1081.69,22930.76,833,85.2,27.4,0.67,0
30725.21,6.4,5542.07,1000.0,830,100.0,45.8,0.346,0
54450.39,7.4,13590.91,16232.59,667,78.5,50.1,0.421,0
50820.41,2.5,17561.18,4444.19,663,100.0,53.2,0.714,0
149220.87,1.7,106227.75,81440.16,579,79.7,69.9,-0.244,1
156134.46,9.3,51277.69,23086.86,820,100.0,18.6,0.246,0
21689.94,0.4,2597.16,3413.99,633,90.4,12.3,0.51,0
213557.17,6.4,84276.23,38561.72,703,74.5,28.6,0.329,0
32748.94,5.0,8100.96,5513.02,601,100.0,95.9,-0.21,1
92908.49,8.7,37808.02,22707.33,720,92.4,62.0,-0.279,0
92389.99,6.6,6533.5,43562.23,785,75.5,24.0,0.572,0
31331.22,6.3,8919.64,1000.0,548,64.3,28.0,0.145,1
71061.24,1.9,34749.0,16989.39,570,93.8,34.7,0.107,0
51065.09,7.6,0.0,6069.61,849,100.0,40.5,0.007,0
73488.3,5.9,1341.6,19430.42,850,89.4,47.8,0.529,0
61504.75,2.1,16822.01,36871.25,638,88.6,48.7,0.341,0
104609.19,5.0,31609.84,24036.79,727,100.0,58.9,-0.065,0
56470.28,1.5,13319.21,28926.2,620,92.4,75.1,0.319,0
49398.2,3.8,11966.78,9655.14,715,74.8,32.3,0.062,1
98996.06,17.7,55542.33,29349.12,649,75.4,30.7,0.305,0
74549.44,1.8,19735.97,33864.38,761,91.8,27.7,0.475,0
81023.73,1.0,3848.82,7688.33,742,91.0,29.5,0.433,0
37589.4,1.4,9296.0,14330.98,723,99.2,42.4,-0.604,0
30488.52,3.7,8883.53,11139.46,638,89.2,47.7,0.18,1
39646.3,7.0,18133.17,16059.67,597,93.5,69.5,0.517,1
38505.19,4.5,9446.63,15604.38,627,88.9,20.8,-0.252,0
83483.94,1.2,24696.85,20772.51,669,97.5,42.2,0.696,0
92669.18,6.9,18141.39,53420.16,735,94.4,18.2,0.217,0
49745.65,0.6,28338.91,24685.13,642,80.4,43.1,0.335,0
119015.08,1.3,29895.63,29949.62,799,81.4,88.5,0.335,1
114996.64,2.7,36311.36,25890.02,652,88.5,32.3,-0.471,0
61936.78,9.1,20499.0,28132.19,603,85.6,84.0,0.348,1
34473.96,4.6,1924.88,1954.72,733,100.0,18.3,0.173,0
128856.82,4.7,28428.08,55143.87,850,87.0,25.8,-0.157,0
52388.4,1.2,17366.31,7383.19,618,64.1,28.1,0.568,1
58069.21,2.9,15932.03,12800.64,744,67.5,38.5,-0.663,0
44946.01,8.2,18573.98,11623.85,598,80.7,31.9,-0.214,1
33210.3,5.6,11177.53,11571.19,555,94.1,50.3,0.509,0
24155.04,7.1,15147.38,12177.01,450,73.8,0.0,0.353,0
76732.27,4.2,26468.36,33687.62,685,93.1,15.4,-0.188,0
35211.55,8.3,13201.63,9836.27,582,73.3,72.9,-0.249,1
291484.52,1.2,45949.43,87614.23,850,86.2,6.8,-0.057,0
29811.8,3.7,11465.64,8056.02,641,89.8,27.9,0.137,1
27131.2,6.2,236.17,7780.1,616,68.0,47.2,-0.12,1
71723.68,0.8,25611.82,19350.99,720,89.5,34.1,0.005,0
125633.27,0.2,41904.89,51363.89,682,100.0,18.0,0.067,0
56135.53,13.9,1964.67,14918.24,752,81.2,43.9,-0.078,0
74215.87,4.6,29594.63,3082.64,560,85.1,51.7,-0.115,0
19654.25,0.7,5131.24,11171.22,647,87.5,23.1,-0.367,0
37323.13,4.6,10547.03,4429.8,630,85.3,43.1,0.035,0
30016.77,1.4,7027.01,15320.92,684,84.3,52.2,0.028,1
19105.37,1.9,1992.46,1000.0,670,83.3,56.6,-0.283,1
57776.6,9.3,6611.44,1000.0,657,62.1,42.4,0.143,0
15779.15,2.7,3180.48,6364.73,640,90.3,69.2,0.457,1
26181.08,2.7,7845.49,3616.78,479,69.0,35.9,0.067,1
40317.6,1.3,10172.73,17339.37,850,89.3,15.3,0.195,0
34296.3,3.2,12306.47,12613.35,554,93.8,30.6,0.39,0
67374.69,4.9,34006.16,14281.71,660,89.7,59.2,0.032,0
64091.63,2.7,18145.62,25197.5,765,71.6,17.1,0.357,0
88573.62,16.4,16867.33,19707.74,816,88.4,0.0,-0.762,0
81945.61,1.7,11695.49,29172.78,681,81.0,44.2,-0.204,0
101462.75,1.7,16229.9,23398.24,718,75.7,26.1,-0.342,0
54119.23,3.1,24972.62,7098.98,552,100.0,80.0,0.538,1
64017.18,15.1,20249.99,4586.79,645,71.4,40.3,0.265,0
71777.95,7.2,47260.4,27033.63,609,90.9,59.7,-0.379,1
58566.09,2.6,35223.7,16324.64,665,100.0,25.2,-0.298,0
43544.69,2.6,9706.73,24093.94,689,89.4,46.9,-0.436,0
45123.42,1.6,7439.19,8919.99,572,75.4,42.4,0.158,0
34556.22,3.1,15898.52,9966.9,637,76.3,62.6,0.112,1
68315.32,3.6,13873.55,16566.66,663,64.4,38.8,-0.104,1
51446.19,6.9,21036.54,22266.01,628,85.3,24.5,-0.263,0
37618.62,5.9,8138.91,15319.7,666,85.8,55.8,0.033,0
37637.85,3.0,8476.41,9083.76,560,80.5,20.7,0.946,0
27841.44,11.5,0.0,6792.76,776,100.0,18.7,-0.091,0
92814.93,2.3,42919.07,39154.55,657,83.5,34.1,0.444,0
56570.32,1.0,10103.93,17858.77,655,62.3,28.5,-0.061,0
33706.97,5.1,8979.13,10657.89,755,100.0,35.3,0.383,0
84516.43,8.9,19892.22,37061.54,662,67.9,21.6,0.254,0
39805.21,4.1,5368.16,10085.74,701,91.7,57.4,0.032,0
24994.84,1.3,4857.23,15304.56,595,93.5,57.1,0.267,0
95003.81,4.7,26208.6,37184.73,710,83.5,51.6,0.462,0
40319.75,5.2,13125.15,10809.25,708,97.7,49.6,0.067,0
43265.27,5.6,11667.78,9458.19,697,85.7,0.0,-0.021,0
55417.41,4.8,26724.66,25021.49,583,79.6,37.3,0.276,1
101561.93,9.7,48224.42,46615.0,494,55.4,52.2,0.614,0
54776.72,1.6,11612.06,14076.87,671,60.4,61.8,-0.444,1
28014.73,0.1,7446.4,7371.88,542,100.0,30.9,-0.401,0
73067.02,0.6,29.91,22137.56,781,94.9,61.1,0.538,0
41491.99,1.3,9863.22,3724.73,647,100.0,41.1,-0.147,0
153025.24,7.8,38612.58,13457.78,777,100.0,0.0,0.478,0
54143.01,3.2,9767.19,13326.12,717,79.6,33.0,-0.193,0
15846.92,12.1,3741.79,1000.0,578,82.7,18.2,-0.121,0
65943.31,1.5,32098.74,8138.92,615,61.6,22.8,0.407,0
157870.25,11.9,62766.92,53573.61,732,80.6,56.0,0.3,0
128895.36,1.9,23393.96,53905.89,832,80.3,40.9,-0.354,0
148304.79,3.6,98958.99,10094.7,675,79.2,24.6,0.252,1
30919.18,0.8,14286.77,11782.48,657,99.4,21.5,-0.191,0
89472.25,10.9,31585.56,15209.28,758,94.7,43.8,0.195,0
36421.08,4.0,1247.91,9316.4,795,97.6,31.3,0.064,0
61289.22,16.9,15308.35,28396.45,651,67.6,48.9,-0.017,0
26899.85,9.1,4385.51,4756.61,668,85.1,18.5,-0.173,0
38007.9,3.5,2659.92,5741.42,762,89.5,27.4,-0.542,0
37349.11,2.2,9808.63,5971.23,756,100.0,12.6,-0.178,0
88805.64,8.0,16739.16,26818.77,804,86.3,23.9,0.286,0
84153.31,4.3,42330.89,17163.49,589,82.4,78.6,0.203,1
63085.79,2.1,21908.9,30153.11,850,99.9,20.3,-0.248,0
25777.78,4.6,11547.27,9739.77,640,81.1,25.5,0.431,1
45642.67,0.5,8139.08,3297.29,675,91.3,18.5,0.172,0
35941.07,5.7,13568.35,11007.44,630,90.8,31.3,0.262,0
87406.21,6.5,48973.16,34979.94,695,77.4,33.6,-0.317,1
103569.86,1.4,28046.24,25928.28,636,75.0,59.4,0.679,0
96859.05,9.9,31087.99,46700.73,691,83.6,26.9,0.217,0
35761.58,8.4,9645.28,16980.85,736,77.9,37.3,0.587,0
12007.14,5.3,5266.49,1000.0,424,63.0,0.0,-0.171,1
20499.81,1.8,6044.46,5265.55,481,94.1,17.7,-0.59,0
118408.39,6.8,27738.85,25623.76,739,92.0,56.7,-0.28,0
43447.55,3.1,6358.37,10096.34,667,73.6,17.9,0.415,0
35850.09,4.9,8497.19,10768.5,654,72.2,50.4,-0.344,0
133714.63,7.3,9109.2,28173.63,850,90.8,16.5,0.573,0
108644.67,1.0,49698.33,55473.26,633,100.0,31.5,-0.202,0
54909.78,0.7,3526.63,13923.54,542,98.3,69.3,0.187,1
46102.77,2.8,16315.99,23410.0,704,100.0,49.9,0.134,0
50379.74,15.0,30655.86,33337.2,583,79.7,0.0,-0.057,0
61386.15,17.3,37138.84,12353.47,562,89.8,99.4,-0.055,1
130617.18,5.6,33113.52,18180.33,761,82.1,14.2,-0.294,0
68347.28,8.6,8924.37,10939.5,682,73.8,72.3,0.737,0
80766.37,4.1,31889.07,40304.89,666,86.7,26.1,0.232,0
103063.29,4.6,9427.84,27552.78,768,71.9,10.4,-0.518,0
28472.05,3.6,3236.24,9736.97,681,73.6,26.0,-0.424,0
82057.38,9.4,29063.04,22875.29,676,77.8,21.9,0.237,0
46073.22,12.2,18020.17,8609.02,582,79.3,24.0,0.047,0
13577.21,4.5,6650.93,4442.1,545,83.6,36.2,-0.585,1
16806.26,4.6,2515.21,2567.29,532,55.1,44.6,0.939,1
30947.12,3.7,7398.69,12057.73,617,70.9,63.4,-0.925,1
72560.27,12.4,23526.98,15531.45,771,100.0,39.3,-0.112,0
57675.62,7.9,5825.53,11303.59,741,83.9,36.5,0.057,0
59958.13,1.8,13496.66,8181.73,734,91.9,20.5,-0.189,0
158422.2,14.7,25379.96,22383.69,828,89.8,29.4,0.349,0
26957.07,0.3,5966.6,11411.46,707,82.5,24.9,0.23,0
53365.07,11.6,15793.56,7379.91,626,71.6,7.5,0.1,0
64051.3,8.8,12015.18,24163.63,667,76.3,86.0,0.025,0
36136.18,4.5,5132.45,11077.6,763,100.0,39.8,0.238,0
55027.03,4.4,20064.2,20292.65,549,76.5,40.1,-0.023,0
22472.06,3.9,16322.15,6873.1,534,100.0,59.4,-0.479,1
117647.53,1.8,19936.87,41296.17,676,78.2,0.0,0.389,0
37239.0,13.9,3952.24,18397.19,616,79.5,79.8,0.663,0
165589.99,4.3,79956.47,14091.7,741,85.1,17.8,0.08,0
53217.32,1.8,9090.62,10131.2,782,81.5,17.3,0.087,0
95361.43,13.3,39884.8,33861.51,630,70.9,24.1,0.038,1
52611.15,6.1,27992.72,14680.45,608,83.8,54.7,-0.411,1
53267.99,6.4,5715.52,22131.2,682,63.4,77.9,-0.14,0
39292.3,15.4,6312.46,13177.45,665,89.1,67.8,0.329,0
57844.76,7.0,24051.21,4332.28,666,87.1,25.4,0.14,1
64530.89,2.5,6187.29,33227.78,850,94.2,0.0,0.652,0
35194.95,7.0,10693.21,1000.0,693,77.0,26.7,0.313,0
50575.65,2.0,12866.03,21625.73,691,94.3,22.2,-0.091,0
38732.94,3.0,0.0,13318.77,744,90.0,2.1,0.288,0
191916.42,5.5,63586.86,77738.19,776,85.8,46.7,-0.017,0
51567.56,8.5,13716.25,8512.55,684,100.0,35.1,-0.524,0
126738.06,2.7,43841.27,58492.87,838,90.6,45.0,0.418,0
48650.03,3.8,12579.5,30659.75,677,77.5,49.6,0.23,0
62480.4,3.8,18004.99,13981.51,726,100.0,48.7,1.0,0
26193.06,9.6,18453.9,7757.81,522,91.1,33.7,-0.135,1
42366.37,4.4,1385.45,18503.91,805,100.0,67.8,0.31,0
60827.31,14.5,24985.79,22884.07,608,58.0,25.2,-0.206,0
129612.19,3.0,14147.51,38369.25,850,79.8,22.2,-0.251,0
61211.51,2.8,11189.67,17454.3,818,79.8,30.4,0.869,0
115965.29,11.4,30489.68,57224.02,641,57.6,45.8,-0.669,1
77064.73,6.6,34447.7,30341.66,678,86.3,48.6,0.039,0
132597.13,11.1,23532.72,18383.48,847,78.8,28.2,0.661,0
52445.34,1.4,1832.68,28293.3,670,56.0,28.6,-0.49,0
201717.3,4.3,110848.9,30550.9,628,73.3,61.1,-0.128,1
41482.71,5.5,16123.06,9036.31,669,100.0,8.8,0.368,0
35541.13,5.2,9981.82,15963.11,622,96.7,89.9,-0.371,0
27846.73,3.9,4574.19,5342.98,702,74.0,29.0,0.165,1
195255.37,5.1,16482.6,24456.41,850,73.6,30.9,-0.227,0
85024.62,5.3,38048.44,33903.29,759,96.1,42.4,0.518,0
45081.79,2.7,2316.46,22102.01,689,56.5,45.6,0.506,0
107684.67,9.3,41267.69,9293.07,787,92.3,21.9,-0.118,0
79081.22,13.4,27134.13,25981.15,620,58.4,41.8,-0.955,0
159750.76,7.4,39586.48,26493.06,850,100.0,16.3,0.23,0
23125.52,5.9,3287.39,9469.97,615,93.2,23.0,0.408,0
46819.35,4.1,17357.02,11077.76,446,58.2,2.9,0.233,1
42007.91,5.4,5794.34,2733.63,668,78.7,37.8,0.189,0
18296.67,5.9,3232.23,7004.02,493,88.4,31.5,0.142,1
97069.25,1.8,23125.72,39450.67,705,56.2,0.0,-0.07,0
46689.84,9.0,22293.78,18692.19,636,83.4,21.4,-0.218,0
81372.87,3.1,27862.47,41168.66,723,90.7,34.4,0.061,0
198367.09,11.8,9491.77,108343.37,723,55.0,52.2,-0.036,0
44610.12,5.0,19066.23,19855.92,642,94.4,9.4,0.285,0
42974.66,9.1,17729.52,5321.21,634,82.3,29.0,-0.255,0
57830.14,7.4,41634.69,35868.33,650,96.8,13.0,-0.109,0
93245.03,1.4,8209.53,37306.5,819,80.7,49.5,0.069,0
39668.31,11.1,3667.6,10242.91,689,69.2,21.6,-0.227,0
38291.04,2.3,6495.99,15108.99,662,67.8,45.4,-0.449,0
96901.87,3.0,32506.81,20403.12,837,79.6,27.8,0.262,0
66719.44,3.2,3701.69,22854.66,810,81.4,0.9,-0.42,0
17595.52,0.9,2254.18,6175.04,554,98.9,33.6,0.102,0
27612.79,5.2,8269.84,3079.98,593,80.1,11.3,0.223,0
123708.06,9.5,0.0,35838.38,752,62.2,57.4,0.533,0
67579.54,11.7,17883.1,2556.34,624,77.6,71.4,0.843,1
35624.62,3.9,9170.84,18368.62,529,62.7,47.8,0.497,1
49329.36,4.4,12399.42,14766.46,850,88.9,22.2,-0.212,0
54572.22,7.7,8166.2,17764.65,706,92.1,35.4,-0.069,0
81198.61,3.9,29025.26,35283.32,688,94.5,40.8,0.141,0
25666.84,10.1,1686.6,11986.95,744,79.8,56.7,0.014,0
34114.51,4.2,21048.64,11478.41,526,74.2,31.2,0.089,1
62951.86,2.0,11355.63,25665.73,727,76.8,43.2,0.471,0
51281.79,5.3,7686.57,9859.54,782,82.7,1.4,0.08,0
74200.23,1.1,26026.13,38272.24,676,76.9,39.8,0.354,1
27550.36,5.2,12330.29,4273.41,590,100.0,17.8,-0.362,0
65934.74,6.0,28216.57,35629.58,650,78.9,35.9,0.202,0
98752.4,2.3,16874.05,15344.03,834,82.6,14.2,-0.552,0
70809.62,5.8,44018.43,27697.46,458,73.5,43.2,0.424,1
58484.17,3.6,7561.03,12322.39,671,73.8,47.8,-0.033,1
51393.35,2.2,31354.44,10968.23,393,66.2,30.3,-0.451,1
34229.11,1.0,5237.47,17152.68,587,69.6,17.7,-0.066,0
52072.94,1.2,36536.02,23015.93,599,100.0,46.5,0.198,1
108319.26,12.7,37051.63,28936.0,709,91.6,66.1,-0.402,0
50743.27,3.5,39660.75,19476.98,428,79.3,73.4,-0.276,1
33210.05,5.9,5930.71,12262.38,489,74.8,42.9,-0.107,0
41326.7,3.8,11996.91,17845.13,605,100.0,40.6,0.323,0
60504.18,12.9,8628.93,8817.61,706,72.3,8.7,-0.673,0
44115.54,2.3,8337.83,11397.14,478,60.2,61.3,0.192,1
70750.64,4.7,11436.19,38399.01,815,90.7,0.0,-0.058,0
72226.63,3.0,2895.63,1000.0,739,71.0,58.8,0.407,1
88339.33,9.0,12453.78,51794.16,760,66.0,35.5,0.172,0
118534.31,5.8,15655.21,29711.44,850,68.7,0.0,0.507,0
93687.71,4.6,29150.47,35316.72,818,89.8,41.7,0.175,0
32408.26,1.4,7591.84,1000.0,673,82.5,31.9,-0.393,0
32960.2,16.8,64.25,16519.33,706,70.2,26.0,0.182,0
51965.0,3.9,11472.17,27214.11,741,90.6,29.6,0.204,0
42270.87,1.9,5588.19,16342.44,606,72.4,34.6,-0.213,0
28967.23,1.0,5587.9,7354.17,607,61.1,34.6,-0.161,1
42491.93,1.2,5151.46,15237.08,654,65.7,5.5,-0.814,0
41731.77,4.5,1390.35,19352.36,664,84.3,43.1,0.285,0
37439.58,9.1,1623.29,4276.02,638,73.0,27.4,-0.023,0
45538.61,5.5,16269.78,17804.43,478,85.5,66.7,-0.175,1
103585.02,1.0,43166.79,50153.55,707,99.6,52.2,-0.328,1
60450.55,4.5,19359.28,29675.72,595,75.2,54.5,-0.15,0
210975.01,11.1,114895.82,51949.5,712,100.0,72.2,0.177,0
59502.85,3.4,9777.86,26864.6,655,87.9,49.7,0.086,0
46187.47,5.5,28349.27,26073.91,514,81.5,32.1,-0.094,1
54299.65,3.5,5431.12,19457.9,658,65.3,0.0,-0.406,0
62384.4,6.5,6988.35,17183.63,743,79.1,39.8,-0.098,0
68829.64,2.2,23843.73,35620.68,690,80.5,69.6,-0.271,0
169768.53,0.0,44112.5,23709.75,778,94.6,52.9,-0.057,0
34032.59,1.5,2097.55,12249.43,780,75.7,24.8,0.236,0
86896.7,3.0,19178.25,32918.8,716,90.1,36.2,-0.171,0
60734.24,4.2,22017.36,28825.2,560,84.6,23.9,0.603,0
22831.5,3.1,12827.32,12027.89,619,97.6,41.1,-0.183,1
82775.25,3.1,36701.84,32589.39,585,98.8,24.8,-0.584,0
108791.99,9.2,11826.68,24543.13,777,88.7,63.8,-0.062,0
33811.39,1.8,8833.77,14568.44,727,94.7,37.4,-0.196,0
53910.81,4.5,26891.66,11423.79,718,99.7,40.2,1.0,1
20974.34,1.1,7525.14,10668.36,586,91.5,18.4,-0.147,0
27109.96,7.4,3386.77,1000.0,662,87.9,26.6,-0.52,0
96414.92,5.4,20455.73,36137.32,850,89.7,11.9,0.014,0
41918.01,16.6,24594.21,7363.21,589,100.0,63.3,-0.057,1
29441.44,1.7,5778.81,1000.0,744,85.6,24.7,-0.408,0
61463.77,13.3,33070.01,15374.45,642,94.2,38.2,0.126,1
40646.71,1.9,13905.95,20229.37,679,74.5,4.0,0.198,0
41816.58,3.3,6404.09,2339.2,789,100.0,10.4,0.028,0
81359.21,1.3,16967.05,45065.12,762,90.3,30.0,-0.093,0
28596.7,16.4,13112.3,12843.69,502,79.2,28.8,-0.129,0
32927.03,6.0,15006.81,6831.4,493,83.0,39.9,-0.218,0
58967.63,6.1,17854.36,33163.76,670,80.9,75.2,-0.448,1
92334.71,2.1,15979.16,20594.42,850,84.1,0.0,0.52,0
107043.24,0.3,38016.18,7849.22,728,86.9,54.6,0.853,1
37579.58,3.2,3721.08,2584.93,621,81.2,45.0,-0.359,0
90722.2,2.7,55099.3,45451.03,581,61.8,22.6,-0.211,1
35197.2,0.6,17110.78,9284.15,650,100.0,26.3,-0.379,0
147918.27,3.4,46086.83,29906.6,638,87.7,57.4,0.312,0
29039.9,4.5,9604.5,15248.68,703,87.8,33.8,-0.355,0
112494.92,6.3,12747.85,44418.74,850,83.3,28.6,0.244,0
37757.24,0.4,19490.9,15538.48,537,96.7,14.0,0.15,0
163944.88,1.4,16411.87,58771.57,850,84.7,18.3,-0.054,0
74998.73,2.1,23236.89,31634.47,693,79.6,10.7,0.476,1
30982.91,9.5,3322.76,8179.28,708,80.5,52.7,-0.122,1
40650.6,9.3,17585.28,4710.33,640,100.0,19.3,0.001,0
83253.85,5.8,42072.39,43476.72,614,86.8,11.1,-0.426,0
96659.95,3.4,14146.11,28884.56,776,83.5,38.5,-0.854,0
52109.7,9.9,24535.68,21041.04,574,77.9,18.7,0.371,0
55523.52,5.3,7452.12,19211.67,747,79.5,65.9,-0.216,0
82215.09,9.5,11725.34,23813.69,812,99.1,35.8,0.405,0
58249.4,6.0,24249.65,2409.22,539,71.2,39.1,-0.123,1
26597.5,0.8,10640.26,11805.79,535,93.4,39.2,-0.038,1
34643.46,0.3,5319.87,16419.98,663,93.9,46.4,0.072,0
61655.39,3.1,13208.35,34398.04,692,87.0,49.2,-0.189,0
105716.4,8.1,25908.62,45166.35,683,81.3,35.6,-0.565,0
131766.98,2.7,44916.76,20854.69,632,63.3,14.7,-0.305,1
83178.25,11.2,31703.3,19686.81,727,93.3,31.9,-0.333,0
63450.16,7.6,25187.05,25297.78,649,61.7,36.2,-0.012,0
81784.88,10.5,14524.79,21162.25,783,86.3,2.4,0.391,1
37544.68,3.1,6954.49,18398.78,722,84.7,0.0,-0.254,0
49797.64,1.8,8040.59,9886.88,850,94.8,10.7,-0.035,0
34431.53,1.6,10823.38,3632.47,641,71.5,0.0,0.084,0
27260.43,6.4,7782.45,13742.08,485,70.8,25.3,-0.278,0
65085.17,0.8,17343.09,29649.51,784,91.5,19.5,0.135,0
59995.95,0.9,10145.26,23650.24,739,81.6,36.8,0.385,1
79079.49,2.6,6143.08,16765.17,667,55.8,49.2,0.138,0
73156.88,5.1,0.0,29311.04,741,83.9,40.8,-0.018,0
61911.07,2.2,10743.51,25480.49,827,100.0,43.7,-0.294,0
73580.78,9.4,37895.47,34234.9,532,91.7,53.9,-0.042,0
52919.35,10.6,3498.44,19977.62,702,67.4,28.5,-0.263,0
67988.26,0.1,17040.57,19074.58,740,90.6,0.0,-0.205,0
36338.05,6.1,3429.97,15956.92,745,97.8,0.1,-0.043,0
66392.43,2.7,15015.4,26340.4,635,59.8,45.0,-0.073,1
78247.31,8.4,6645.71,28624.02,721,80.0,38.9,0.362,0
37484.22,6.2,8999.92,20868.01,720,100.0,48.9,-0.206,0
55743.03,5.0,21205.2,7681.73,699,62.7,91.8,0.136,1
38446.33,3.9,5207.97,26540.73,627,80.1,39.4,-0.163,0
40555.28,0.9,11779.47,13862.31,674,81.0,33.1,-0.319,0
29181.46,18.2,8316.74,5175.72,599,78.2,41.9,0.212,1
108681.43,1.4,6942.85,41448.59,850,100.0,11.2,0.147,0
97355.73,13.4,14118.09,18710.77,808,100.0,50.1,-0.21,0
72808.55,7.1,3619.47,46133.85,786,79.8,31.6,-1.0,0
160284.84,2.8,38365.9,41399.07,746,69.8,68.7,0.392,1
48820.95,2.5,3272.89,11041.83,850,100.0,3.0,0.272,0
287066.54,0.9,186012.43,32000.1,806,94.8,35.1,0.404,0
47803.72,4.5,19112.38,8532.05,716,83.8,22.4,0.423,0
62339.86,0.8,33094.64,6223.54,599,93.2,13.7,0.005,0
43530.72,9.7,20396.95,1000.0,614,93.1,47.5,-0.146,1
66488.15,5.3,4745.67,17820.44,740,71.8,28.6,-0.627,0
85784.04,4.2,36581.66,16406.23,678,75.7,61.6,0.047,1
50886.15,4.7,5886.38,7015.15,654,84.1,24.4,-0.157,0
143946.35,5.5,57695.86,34635.55,728,56.9,27.1,-0.274,1
61792.18,3.3,15851.22,10473.65,671,79.2,75.3,-0.476,0
62866.39,3.7,26026.74,14665.52,721,72.9,8.0,-0.361,0
32861.31,14.4,22593.07,8938.17,512,86.4,19.3,-0.471,0
68198.27,9.1,38309.04,18325.02,589,68.2,0.0,0.348,1
50326.4,6.9,5108.78,9004.77,733,90.0,26.1,0.39,0
38772.56,2.8,10876.53,9011.27,617,87.1,48.8,-0.26,0
35345.95,0.5,12069.89,20196.57,448,82.6,43.2,0.429,0
235500.86,6.4,41794.07,45582.77,850,90.6,37.9,0.036,0
46867.86,4.7,7502.79,3182.0,721,92.3,17.5,0.514,0
24310.36,3.6,10113.04,8211.57,554,80.7,31.2,0.209,0
36900.42,4.1,16239.69,16631.45,554,84.5,27.0,0.221,0
52661.38,1.4,29879.94,1000.0,577,74.5,34.9,0.086,1
73179.23,1.9,20809.83,28084.3,671,74.3,38.5,-0.253,0
73507.16,9.1,31231.05,32959.74,645,100.0,28.0,-0.462,0
78600.87,0.3,20397.23,40731.51,722,81.2,35.5,0.072,0
37999.44,8.2,3510.82,21739.85,750,83.8,33.0,-0.033,0
65332.33,11.6,43645.64,27126.06,599,82.9,21.5,0.91,1
33462.05,6.3,8806.04,15312.26,608,89.2,36.6,0.262,0
38530.15,6.0,981.46,7969.26,664,76.4,9.5,-0.296,0
32704.24,1.9,4056.19,21404.7,744,77.7,38.6,-0.03,0
28180.52,2.2,7508.69,12544.8,711,97.1,12.8,-0.129,0
97276.74,3.0,30932.7,22773.68,605,63.2,34.5,-0.014,0
79121.22,1.1,18873.31,6596.33,671,86.6,44.3,-0.459,0
92703.91,2.0,40602.93,34464.39,668,72.5,16.5,0.318,0
55360.53,4.7,22733.78,16852.41,588,55.9,55.7,-0.138,1
83053.83,2.9,47152.34,31811.36,562,82.9,70.8,0.229,1
20563.87,5.0,7510.3,6453.14,437,67.8,22.0,-0.211,0
87090.07,9.1,17604.19,43106.45,634,65.3,32.1,-0.139,0
59719.62,4.9,13783.76,1000.0,685,100.0,59.2,0.208,0
76489.62,6.1,22921.99,29275.86,723,91.6,0.0,-0.725,0
66770.24,0.8,36135.32,24821.58,548,91.9,35.7,0.346,0
31480.38,8.9,9002.19,2912.98,685,83.3,29.0,0.514,0
23767.59,0.8,2733.96,6448.49,473,67.3,53.0,0.508,1
36620.75,2.7,13426.12,6050.13,561,81.7,30.1,-0.245,0
73917.47,1.5,19781.74,18927.47,850,79.0,44.0,0.106,1
79185.64,0.5,10645.47,40782.51,650,57.1,18.5,-0.156,0
25530.57,4.7,2400.62,1261.74,699,100.0,54.0,-0.52,0
31583.67,6.5,4363.44,14835.02,769,82.7,12.6,0.031,0
36396.23,11.8,4657.84,24291.08,643,72.3,52.4,-0.51,0
44510.58,5.3,8857.92,1760.75,717,85.7,36.5,0.21,0
25613.43,2.0,11137.88,12611.08,485,64.7,0.0,0.287,1
24781.97,2.8,948.39,13230.62,593,70.9,36.3,0.452,0
34475.03,0.6,11482.25,13216.67,528,100.0,47.1,0.179,0
56808.41,3.1,11191.45,33202.85,707,76.7,10.4,-0.145,0
28301.59,4.2,8202.37,8122.43,653,83.7,18.1,-0.066,0
50833.36,6.3,31619.23,22244.06,657,85.4,36.8,0.043,1
96974.57,7.6,32385.39,13823.44,701,81.6,24.8,0.512,0
26476.72,6.1,2731.94,5630.37,708,76.5,41.6,0.516,0
48361.28,1.8,19312.69,16681.79,746,100.0,30.8,-0.029,0
95188.67,1.3,32272.47,21974.25,661,73.6,8.6,0.344,0
43042.89,7.2,15606.57,17998.29,550,71.5,81.6,-0.181,1
39516.82,0.5,2254.81,5600.65,760,90.9,28.2,0.153,1
102736.5,15.7,14462.09,22068.71,708,66.0,37.5,-0.122,0
45779.37,2.2,22708.99,24277.64,577,98.3,70.4,0.085,1
99456.16,9.8,22373.69,17405.88,709,81.2,52.3,-0.288,0
68591.98,2.6,11323.74,9424.79,726,85.8,46.0,-0.497,0
44866.0,6.6,21889.38,18279.14,573,88.1,56.2,-0.436,0
70532.56,1.4,12602.6,30450.32,717,79.2,46.0,0.204,1
64617.93,4.4,10551.58,33355.55,731,96.8,46.0,-0.39,0
94986.07,0.7,23038.05,19995.86,686,93.1,46.3,-0.119,0
40071.07,5.5,18347.93,18324.95,517,91.2,31.6,0.312,0
55418.2,1.4,3733.19,22223.93,747,62.8,56.5,0.392,0
52374.04,1.6,3417.99,22803.71,730,79.1,48.5,-0.343,1
79800.22,3.0,3996.01,10783.46,850,82.4,0.0,-0.84,0
30827.16,3.5,12450.75,9522.31,601,100.0,52.0,-0.281,0
94782.24,6.3,23143.14,40448.23,710,64.2,19.1,0.07,1
70016.12,5.8,20836.36,23242.5,657,75.1,39.9,0.235,0
26257.09,4.8,3019.18,2758.12,724,99.1,1.6,-0.413,0
105297.46,8.2,26458.69,32492.96,744,70.9,23.3,-0.618,0
185118.45,5.7,20801.48,68579.28,830,74.8,27.7,-0.318,0
93996.11,6.0,28061.16,21668.46,817,100.0,45.7,-0.182,0
118757.83,1.6,23736.97,40110.38,850,89.1,23.2,0.731,0
56780.84,8.6,5099.69,15300.03,850,96.0,0.0,0.038,0
21723.99,7.9,11763.14,11808.68,605,94.1,25.2,0.227,0
19648.06,4.9,8979.01,5922.21,465,85.6,27.4,0.385,0
62336.05,7.7,25991.19,19164.57,693,85.3,47.7,-0.157,1
39120.88,4.1,12719.23,16826.07,672,96.4,38.0,0.035,0
32760.64,12.2,3942.51,10631.58,673,72.1,19.7,0.089,0
52338.59,4.6,5824.42,5889.99,737,100.0,40.5,0.212,0
76006.33,4.0,0.0,34437.27,735,76.5,71.7,-0.045,0
24366.96,5.7,3976.72,20310.93,543,98.3,58.4,0.365,1
42324.33,13.9,20168.42,1000.0,658,91.1,0.0,0.386,0
124296.97,2.6,76668.28,47705.99,561,76.3,84.5,-0.099,1
29989.16,5.5,2455.27,5700.48,661,90.8,58.7,0.266,1
87410.32,2.8,15542.35,41370.55,830,85.8,66.7,0.136,0
41497.9,4.0,8660.73,13444.77,642,59.3,4.6,0.932,0
73144.09,2.0,26473.45,42153.15,623,82.8,26.7,0.314,1
99064.87,5.9,36295.52,40742.97,650,66.5,46.8,0.135,0
81446.77,4.3,8989.98,11311.37,850,91.1,12.6,-0.199,0
89325.1,7.6,11568.39,25622.04,764,82.0,45.6,-0.362,0
28756.63,9.1,0.0,8981.43,752,96.3,67.7,0.185,0
99958.75,10.1,8775.07,20650.06,767,74.2,28.3,-0.598,0
33894.86,2.9,2672.82,1000.0,654,65.9,69.1,0.568,1
62489.13,5.7,17109.04,30360.56,653,68.9,49.0,-0.721,0
62444.62,10.5,21006.33,11237.19,758,100.0,0.0,-0.36,0
70743.6,2.0,18967.68,5367.85,742,100.0,17.6,0.35,0
65207.27,4.7,34925.92,11331.57,618,100.0,57.2,-0.012,0
34060.87,2.1,10212.65,6626.15,456,62.4,14.4,0.064,1
25785.64,13.8,14675.07,11201.23,389,64.7,56.6,-0.241,0
87534.81,10.4,8551.48,27990.0,691,69.1,47.2,-0.045,0
60006.55,6.5,1931.2,21099.74,729,94.8,41.2,0.239,0
101941.79,6.4,21371.79,49821.8,814,100.0,23.5,-0.291,0
52859.72,2.3,8229.32,10459.69,720,96.7,41.0,-0.092,0
25013.22,11.3,0.0,18342.78,649,86.7,68.6,0.002,0
92168.28,3.4,17030.54,28844.07,818,71.1,27.2,-0.095,0
44191.87,2.5,33180.87,10977.02,453,80.0,47.2,0.263,1
65388.51,9.4,34516.3,21767.91,610,85.2,75.1,0.161,1
37945.16,3.1,4113.52,14109.74,641,96.4,40.2,-0.037,0
133835.4,2.6,82278.55,71615.3,673,77.0,25.2,-0.597,0
33452.75,7.9,6320.03,3018.08,736,89.6,25.0,0.414,0
44999.81,1.5,15990.2,2636.04,712,87.9,0.0,-0.323,0
57474.51,6.5,36945.01,7511.46,566,85.4,10.8,0.622,0
29711.8,4.7,3392.2,8416.95,642,78.5,41.8,-0.296,0
64976.81,7.4,33762.44,16420.21,617,85.7,54.4,0.089,0
131472.21,6.0,27658.06,64934.83,804,82.7,26.5,0.223,0
41367.29,19.8,6775.7,18456.42,674,73.1,54.1,-0.069,0
67327.8,5.1,34908.14,22120.39,584,96.4,52.9,0.109,0
12000.0,3.1,3681.95,1000.0,646,100.0,19.6,-0.099,0
53028.72,4.3,14848.6,5358.86,717,86.4,23.1,0.661,0
45607.47,6.0,15314.37,18718.42,681,83.4,8.1,0.071,0
34538.38,13.3,2731.96,13660.11,720,94.6,49.9,-0.041,1
98203.56,6.9,39582.1,52922.81,758,86.6,35.1,0.085,0
45277.52,2.2,5111.16,19342.31,690,100.0,52.8,0.396,0
49137.97,38.5,20648.55,10216.0,600,85.5,33.8,0.137,0
44026.36,8.8,11143.62,4394.45,715,92.2,16.2,0.064,1
18877.98,2.1,5339.59,1552.14,557,100.0,50.6,-0.502,0
29068.41,1.6,2609.73,22873.84,790,100.0,0.0,0.404,0
91913.34,1.3,21422.49,42883.58,850,81.8,28.3,0.123,0
16975.51,4.1,2387.19,8662.26,679,99.1,19.5,-0.156,0
35544.0,4.3,9207.05,13443.69,587,69.1,65.5,0.114,1
43484.25,2.4,12796.38,5067.44,721,81.2,70.0,0.487,1
141349.67,1.1,17599.93,60822.13,850,95.7,43.5,0.25,0
82679.92,1.6,11953.75,34043.99,850,100.0,23.4,0.689,0
39877.05,7.0,11373.25,5326.31,573,73.5,69.4,0.306,1
111021.88,3.4,34226.37,33335.28,754,83.6,21.0,-0.675,0
36051.95,1.8,4910.43,18875.96,673,84.0,7.3,0.441,0
94372.49,4.7,21456.46,50022.34,815,82.7,0.0,-0.61,0
25658.18,5.4,7674.99,5520.47,577,67.0,37.0,0.473,1
97762.06,5.9,2796.93,50579.13,850,91.0,0.7,0.31,0
43331.13,4.6,20353.56,17519.93,539,66.1,63.4,0.588,1
30770.84,4.0,1572.02,16908.58,756,99.9,23.4,0.155,0
48077.57,10.0,13101.44,8227.49,764,100.0,9.3,0.1,0
63103.99,1.7,9270.45,10559.21,804,75.1,57.3,0.434,0
41269.89,3.6,8488.65,20619.28,622,66.2,52.5,-0.412,0
73473.09,0.6,57358.21,19169.18,398,83.5,68.3,0.014,1
39314.68,3.2,9617.8,7584.56,612,76.7,1.0,-0.081,0
76206.71,5.0,25703.47,33626.7,737,81.1,0.0,-0.15,0
69093.93,7.8,7999.41,10002.36,700,85.3,66.2,-0.2,0
52391.12,0.6,19970.48,9315.31,603,71.0,0.0,0.055,0
42499.17,4.8,4918.26,22459.98,756,100.0,10.7,0.251,0
58885.34,14.6,44969.53,19746.82,503,75.0,36.1,0.521,1
73323.73,6.2,19717.38,38476.7,850,97.1,8.4,-0.1,0
168381.84,1.4,37829.94,50221.42,667,71.5,39.2,-0.129,0
90824.22,3.2,65851.9,21436.66,669,84.9,12.0,-0.987,0
92669.48,6.3,1902.07,9900.76,850,90.3,60.8,0.513,0
296167.87,2.6,55596.46,66982.99,850,85.9,49.4,-0.475,0
71953.63,5.3,3033.81,16060.7,769,80.4,40.5,0.168,0
70724.97,5.0,42857.67,35865.48,625,77.1,27.9,0.102,0
79794.37,4.1,23124.9,43927.49,726,78.3,14.3,0.347,0
31103.28,1.3,7434.8,1000.0,606,74.5,32.3,-0.308,1
42440.32,2.3,15016.57,10056.44,545,88.7,10.4,0.201,0
41011.46,15.6,15110.65,11781.71,643,100.0,73.3,0.57,0
77357.1,3.1,14531.78,23328.18,850,89.0,41.4,0.081,1
49227.32,3.4,5544.85,8531.75,684,92.3,17.6,-0.307,0
58455.61,3.4,5290.04,13486.17,713,99.2,66.3,-0.514,0
98528.39,7.7,31390.52,18662.88,691,77.7,34.1,0.521,0
87093.1,3.5,24655.74,31188.0,611,58.7,63.0,-0.154,1
49565.66,4.2,23489.68,11747.68,534,84.0,62.4,-0.084,1
37477.75,4.8,10358.56,17604.74,746,96.0,43.7,0.885,1
101154.17,8.3,23577.08,20066.8,850,100.0,9.6,0.323,0
82920.71,4.2,37244.43,25112.72,651,70.3,23.4,0.401,0
22394.23,4.5,7504.14,15119.47,514,99.4,100.0,0.575,1
45604.67,2.7,15233.4,10804.06,679,87.7,24.0,-0.546,0
59339.68,5.4,21960.02,33176.11,587,78.6,29.9,0.537,0
83146.25,6.6,7565.68,26932.74,750,69.4,25.6,0.585,0
89371.38,6.9,41317.37,45253.63,690,75.8,16.2,-0.156,0
63332.15,14.0,23827.07,18146.81,690,92.0,49.1,0.263,0
74748.63,2.2,16737.1,18452.53,846,100.0,8.2,0.339,0
56121.55,4.3,22661.78,10655.6,522,45.9,18.4,-0.248,1
37398.34,3.6,17632.98,13003.18,600,91.2,41.2,0.32,1
46924.94,12.4,22614.92,14338.49,570,76.0,30.0,-0.222,0
54745.21,7.1,11192.91,15938.2,730,77.3,38.3,0.907,1
53152.82,0.9,18670.22,7190.2,704,89.8,34.4,0.057,0
19205.17,2.5,5818.47,6811.33,754,100.0,11.6,0.198,0
43537.77,3.2,10642.52,4684.95,637,74.0,64.3,-0.57,0
55877.28,1.1,11604.13,14355.2,621,82.7,57.9,0.139,0
46408.9,4.6,31452.08,20297.88,411,61.9,15.9,0.427,1
47299.12,2.8,781.61,27249.77,781,90.1,44.5,-0.313,0
70855.31,14.4,24203.49,11568.41,612,74.3,25.2,-0.183,0
29928.71,5.3,15412.83,1000.0,541,100.0,56.7,-0.249,0
22127.51,3.1,1805.91,6906.73,622,89.0,52.2,-0.404,0
44734.78,1.8,3898.05,3227.82,638,80.0,60.1,-0.453,0
82476.02,4.0,11426.13,33214.04,792,80.1,16.1,0.36,0
137057.27,11.7,88742.02,12819.11,660,89.1,7.9,-0.443,0
83297.23,3.6,48757.6,50396.54,580,93.7,0.0,-0.624,0
24160.03,4.1,8836.42,19018.37,501,67.6,88.5,-0.186,1
47676.7,9.1,20475.26,11124.23,579,81.9,53.1,0.018,1
62389.29,5.2,22711.55,26732.45,661,84.0,59.9,0.203,0
59735.1,7.6,10833.3,23714.76,773,87.0,6.3,-0.311,0
72883.5,5.6,44983.01,40842.05,654,100.0,47.7,-0.206,1
32716.12,5.4,6969.1,2089.18,645,64.0,0.6,0.189,0
56146.45,0.8,16313.72,30732.49,756,97.4,44.1,0.317,0
68266.71,1.6,16082.66,13634.8,850,89.1,35.4,0.435,0
85316.15,4.8,23250.62,16076.26,736,77.0,29.0,0.168,1
34781.99,2.0,20469.06,14094.46,611,95.3,24.2,-0.58,0
44808.97,4.0,9741.09,8811.78,654,78.6,58.5,-0.306,1
12245.33,1.4,1051.23,1338.26,401,58.6,24.5,0.439,0
38491.62,9.2,6529.71,6931.4,518,35.9,62.1,0.62,1
40601.97,2.2,16065.69,4784.79,659,67.0,34.1,-0.031,1
30922.17,1.8,11096.2,7857.65,604,76.4,42.5,-0.061,1
59342.84,1.1,33819.24,25480.78,549,86.4,46.0,-0.35,1
52534.74,6.8,17333.44,13771.38,695,92.4,44.2,0.497,0
15637.58,4.0,1374.16,4618.63,543,80.4,39.6,-0.37,0
60993.91,8.9,29547.96,7976.43,550,64.3,78.1,0.687,1
32513.86,2.7,15134.62,19406.81,495,78.7,57.6,-0.029,1
70765.65,1.5,12440.27,26519.68,785,80.9,0.0,-0.301,0
26768.52,3.9,18536.12,18894.76,452,100.0,30.8,-0.624,0
55077.89,10.2,7063.79,25271.68,738,91.8,64.7,-0.095,0
46363.15,0.8,12364.07,15486.04,439,60.8,18.7,-0.044,0
64004.33,5.1,0.0,8317.4,762,79.6,35.1,-0.112,0
58022.35,5.5,9116.76,17943.36,718,93.8,36.6,0.002,0
47082.64,11.3,19955.37,29417.63,566,84.3,66.8,0.485,1
23273.02,2.0,2877.94,13587.25,366,61.3,14.1,0.217,1
24041.47,0.8,8523.03,1000.0,573,95.5,16.9,0.068,0
39295.38,2.9,13142.71,19884.1,653,89.1,45.1,0.4,0
53930.21,7.5,12846.71,28346.63,643,81.8,41.9,-0.321,0
38772.39,4.2,6541.1,6812.76,674,72.7,45.4,0.25,1
76409.82,6.0,18899.84,28513.51,810,98.2,41.4,0.243,0
46463.79,1.6,8881.97,27638.72,650,58.6,32.6,0.525,1
31864.35,3.4,892.33,2508.66,670,62.2,46.2,-0.48,0
46492.53,4.4,14714.84,9744.27,637,73.7,39.1,-0.303,0
61342.18,1.0,35672.36,25128.8,646,88.2,30.0,-0.284,0
64775.75,4.3,29471.27,22728.75,545,64.9,33.7,0.167,1
152224.02,3.2,56291.0,43591.78,687,76.4,24.2,0.078,0
37500.14,22.5,11728.51,15390.92,614,79.2,20.8,0.199,0
52030.57,4.1,15879.4,11623.17,713,88.8,46.2,-0.737,0
68484.87,11.8,24752.26,30484.49,670,80.1,8.9,0.515,0
53482.91,5.9,18561.37,27025.41,617,80.2,48.8,0.082,0
41136.87,3.7,2554.03,16307.85,682,74.1,29.7,0.193,0
23107.41,10.6,11521.46,1463.72,571,99.2,32.9,0.13,0
40906.37,1.4,14501.24,7537.09,703,93.2,31.5,-0.22,0
30015.33,2.9,9556.72,10568.47,666,92.7,45.1,0.181,0
20959.9,7.8,5464.79,1000.0,454,73.1,64.6,0.027,1
34974.57,0.4,6396.03,11592.88,643,76.8,71.1,0.022,1
30457.87,4.0,7581.62,6264.14,631,90.7,56.0,0.173,0
74688.59,4.0,17857.51,24605.11,715,75.8,36.6,-0.036,0
75402.86,5.0,17933.67,26075.9,658,71.0,51.0,-0.476,1
32953.95,3.4,16901.32,11056.22,545,88.0,0.0,-0.064,0
46951.68,7.6,20120.42,17096.68,595,65.7,47.2,0.569,1
19496.04,2.1,8132.44,11537.0,500,81.1,42.8,-0.194,0
41279.16,8.4,3614.02,14925.95,841,96.5,4.1,0.033,0
67470.12,1.6,22856.85,15464.52,698,86.0,23.4,0.292,0
85281.76,5.3,15598.12,44868.54,714,69.3,40.6,0.742,0
36600.75,9.7,1479.94,19401.52,715,90.6,42.6,-0.09,0
96617.98,2.0,27092.04,46423.55,696,75.6,54.1,-0.43,0
23537.95,2.4,6824.71,4127.42,659,95.8,68.4,0.235,0
27277.15,8.6,3469.84,13654.38,686,91.1,32.0,-0.284,0
80042.58,4.8,14514.24,28601.65,778,79.1,12.2,0.103,0
135824.2,0.8,37980.84,47779.38,850,73.5,51.4,0.212,0
71067.66,4.9,0.0,29215.01,680,72.1,60.8,-0.168,0
52987.52,6.7,19462.99,25780.75,624,100.0,60.4,-0.095,0
16198.1,8.8,6977.66,1000.0,419,51.9,44.4,0.287,1
17812.47,5.2,1287.0,1000.0,439,59.4,75.0,0.382,1
58172.92,6.1,17341.82,31535.57,760,99.4,29.5,0.015,0
44492.04,12.5,20084.15,9249.36,586,96.4,67.0,0.059,0
29489.53,8.0,8865.06,6144.06,633,89.0,11.8,-0.393,0
56164.65,3.3,26151.08,24835.2,631,56.1,0.0,0.041,0
57717.88,3.7,9765.69,12765.55,694,91.5,11.5,-0.137,0
91074.1,9.5,8372.72,46071.04,701,70.3,23.5,0.028,0
58403.51,5.1,11410.36,28390.75,597,82.6,35.0,0.496,0
106469.83,4.6,24566.74,49810.28,820,89.7,16.3,-0.394,0
54415.09,3.3,10608.58,9351.57,786,91.1,37.6,0.411,0
50846.46,9.2,8352.4,1000.0,638,74.9,47.9,0.068,1
97282.24,2.1,46119.45,35399.74,786,100.0,42.1,-0.009,0
31629.88,2.9,13116.28,2541.66,612,95.4,32.2,-0.304,0
254726.6,9.2,70455.79,30501.13,778,70.6,59.1,0.098,0
66595.46,9.1,12867.25,23724.2,766,77.3,19.0,0.76,0
66799.85,17.8,12089.42,8050.74,669,73.4,30.2,-0.892,0
72316.15,4.0,41876.6,25868.6,653,83.1,24.0,-0.684,0
152120.02,3.3,24997.83,49935.12,719,92.8,48.1,-0.062,0
83774.09,3.6,47985.95,14301.51,453,58.1,26.5,0.114,0
22409.03,0.9,7074.6,4932.91,382,56.2,43.0,0.329,1
117231.83,0.4,7174.16,15765.07,832,72.4,51.3,0.158,1
44914.09,5.2,17812.53,10618.21,713,100.0,24.9,-0.573,0
57465.23,3.1,9792.11,22573.57,824,87.3,3.0,0.216,0
26806.79,2.2,12200.63,9163.53,594,100.0,30.5,-0.06,0
72360.16,4.5,0.0,22321.88,795,81.8,19.1,0.31,0
37863.55,5.3,18088.17,12005.09,581,72.2,22.2,-0.251,0
57244.87,3.8,23949.35,24945.03,594,60.5,0.0,-0.536,0
46339.29,3.9,2955.29,17454.23,752,72.4,2.6,-0.158,0
156178.84,3.1,0.0,42757.12,838,75.3,51.0,0.172,0
161174.54,7.1,32013.35,65606.13,737,50.0,16.3,0.134,0
55580.2,2.7,15328.24,21576.59,763,72.2,58.1,0.006,1
56116.64,1.8,18872.67,10884.31,707,72.1,20.7,-0.214,1
44117.26,3.0,875.2,14043.91,773,84.3,44.7,-0.046,0
99538.87,5.0,0.0,40804.42,821,83.4,29.9,0.519,0
45210.93,7.4,33682.67,4198.63,499,88.5,48.0,0.893,1
42970.3,14.2,15600.06,20177.74,593,61.3,29.9,0.149,0
92802.24,4.5,49898.7,34574.68,603,68.1,39.3,0.359,1
40293.1,11.9,16058.65,3943.32,612,97.0,59.6,-0.255,0
53062.98,2.5,7989.57,31971.38,588,80.4,44.4,0.474,1
22703.61,2.1,8426.82,1313.96,580,95.9,21.2,-0.122,0
79802.07,5.9,46196.49,39073.91,678,82.0,0.0,-0.443,0
157546.64,6.5,88193.14,74664.43,634,86.6,32.8,0.403,0
80553.27,4.9,11603.25,40245.79,850,91.4,43.6,0.031,0
121053.7,22.8,35353.64,42317.97,738,76.2,38.1,0.488,0
34017.96,2.6,7085.08,21475.51,743,74.7,17.4,0.289,0
61696.25,10.4,8897.67,9674.27,709,74.5,38.0,-0.453,0
32249.64,2.2,8089.97,1000.0,466,82.9,48.2,0.065,0
47797.52,6.9,5753.72,17328.45,700,92.0,62.9,-0.314,0
82844.14,4.4,51065.66,25861.65,550,78.3,30.5,0.442,0
57296.87,5.2,14722.98,21312.55,641,100.0,84.1,0.03,0
24910.57,5.9,10760.92,7337.09,589,100.0,64.1,-0.23,0
26284.48,4.5,9481.11,5078.16,485,71.7,38.4,-0.711,0
25345.59,3.9,1831.18,3924.79,626,100.0,40.2,0.408,0
70990.33,0.7,27376.05,24454.29,589,83.7,62.8,-0.12,0
168576.0,8.2,83042.61,16662.89,787,89.3,15.7,-0.092,0
114617.07,1.3,46239.15,28245.16,699,82.1,19.0,0.169,0
19095.5,3.1,2383.02,5606.79,639,100.0,9.2,-0.31,0
118372.51,5.4,58527.22,59051.7,677,88.9,29.9,-0.531,0
90673.48,1.6,35101.76,35558.47,772,79.1,17.8,0.068,0
23157.76,3.9,5850.76,5078.75,622,78.2,27.9,-0.326,0
45854.98,7.6,12286.08,7386.32,643,67.2,34.3,-0.027,1
98966.56,3.1,39386.35,37441.57,731,76.0,7.4,-0.303,0
73330.98,3.9,9882.29,5116.48,674,100.0,62.3,-0.476,0
26370.41,1.9,15922.43,19413.77,499,99.2,58.8,-0.574,0
75804.14,3.4,27843.65,39090.29,727,75.0,25.8,0.035,1
16720.23,1.4,1326.55,1000.0,394,68.6,64.6,0.384,1
47927.65,5.0,19930.26,22470.38,535,97.3,42.8,0.342,1
101303.5,1.1,26652.97,11347.28,658,90.0,57.0,0.009,0
54727.24,2.5,15985.38,8591.21,569,56.3,7.9,0.499,0
41174.91,4.4,7639.07,14480.46,737,100.0,28.3,-0.187,0
88356.98,3.7,39798.94,47085.71,571,84.2,47.6,0.287,0
92606.4,5.7,17470.4,37300.12,839,100.0,31.7,-0.172,0
111359.82,3.9,25108.86,44564.64,850,86.4,31.5,-0.254,0
87630.85,0.7,49609.58,21288.14,538,69.4,32.8,0.283,1
98199.47,1.6,43293.73,48975.38,575,86.7,42.5,0.151,1
81072.55,4.3,18210.79,25758.77,650,63.5,37.2,0.22,0
62695.24,9.0,14677.34,24290.84,694,82.2,66.2,-0.521,1
56910.2,7.9,2766.1,27137.46,748,68.8,15.2,0.36,0
47548.58,22.4,5384.15,23264.51,735,81.1,36.9,0.237,0
27811.29,2.8,9345.12,10533.42,566,87.5,49.1,-0.141,1
32034.82,7.4,2088.36,8716.78,753,88.1,10.1,0.204,0
46392.45,7.0,22749.23,21579.42,659,63.6,28.1,0.384,1
61870.49,12.2,9573.79,11141.08,699,75.0,38.5,-0.258,0
119664.46,10.0,23067.62,71367.56,680,56.3,65.1,-0.255,0
52945.14,5.3,17453.52,9400.81,704,92.7,37.7,-0.101,0
94081.05,6.6,14571.63,6020.66,850,86.8,50.2,-0.777,0
98088.32,5.7,23773.82,18947.87,733,67.6,51.5,0.116,0
47700.84,4.1,25236.41,18223.33,662,100.0,0.0,0.319,0
75137.84,6.2,29907.82,24969.23,662,90.5,36.6,0.2,0
47384.93,4.9,1697.27,19604.22,832,82.5,26.3,0.168,0
112103.15,4.7,51495.8,52172.02,632,77.4,65.1,0.358,1
76857.92,12.5,21528.28,13967.95,714,75.1,49.0,-0.035,1
28148.07,5.3,9908.1,8918.54,522,73.0,52.5,-0.55,1
59209.58,4.5,29224.58,23252.85,610,100.0,45.4,0.045,1
134116.18,3.7,35841.49,74713.28,689,87.8,37.1,0.455,1
49036.63,3.5,32860.07,12424.14,502,69.3,51.7,0.126,1
69302.99,1.5,29365.29,30328.32,562,100.0,34.6,-0.13,0
73147.51,4.1,31231.63,16919.08,701,82.7,60.7,0.274,1
30633.74,9.3,13621.72,13768.28,494,71.1,13.6,0.135,0
71746.14,2.7,2056.62,35304.08,695,100.0,55.8,-0.076,0
25169.56,0.4,7814.79,13769.1,547,68.7,27.7,0.042,0
38403.61,6.0,12522.87,5728.23,630,72.4,48.6,-0.111,0
97894.69,5.0,38685.07,43341.97,720,84.0,3.6,0.215,0
65921.24,12.4,26014.18,16104.66,686,88.5,40.4,-0.315,0
45822.81,2.5,9965.39,9870.31,676,73.5,32.0,0.115,0
69255.2,1.3,33087.5,10517.67,592,53.0,34.1,0.304,1
52415.06,3.6,2489.0,23060.78,850,84.5,0.0,0.083,0
54552.46,3.2,14720.71,9647.67,591,69.4,35.7,0.087,1
77749.72,0.9,25763.86,22322.81,688,79.0,37.6,0.025,0
36313.6,4.6,7789.89,21484.62,547,72.7,0.0,0.187,0
55391.7,2.9,1275.59,26193.88,840,68.8,12.0,-0.126,0
45626.89,10.9,23050.14,18660.19,559,80.3,38.2,-0.046,0
22650.07,4.6,0.0,9994.2,658,75.2,43.1,-0.315,0
32654.87,2.2,7763.35,13180.67,584,72.2,34.0,-0.094,1
128349.66,4.2,31469.16,41408.7,772,97.5,35.9,-0.702,0
66943.07,4.9,31038.08,9085.45,636,70.1,35.5,0.01,0
26161.04,6.5,1293.49,4932.87,716,80.5,24.1,0.216,0
23220.83,4.4,13165.77,8699.56,459,83.5,31.4,-0.023,0
50935.22,15.7,10717.39,14796.92,703,60.3,7.0,0.322,0
127855.06,1.5,1484.37,29916.34,850,68.4,23.3,0.467,0
48887.79,2.9,25965.24,4244.02,683,83.4,34.2,-0.006,1
111173.77,2.2,45662.85,57804.05,543,82.9,59.7,-0.349,0
65746.51,3.3,13506.36,9056.43,652,73.0,32.6,0.382,0
70205.91,5.4,7628.8,28696.43,775,83.6,76.2,0.311,0
25987.05,5.1,8328.1,1960.52,492,87.7,73.6,0.157,1
90729.48,6.4,26097.68,35581.97,728,92.2,36.4,-0.184,0
45061.67,4.6,9604.71,1000.0,657,93.3,26.7,0.132,0
87090.31,4.8,27068.38,1196.93,737,100.0,80.3,-0.109,0
34620.68,4.7,20251.05,20706.51,493,85.5,49.9,-0.257,1
59717.31,3.0,13190.42,25280.08,576,64.6,43.8,0.126,1
65749.12,2.8,1274.22,4794.48,850,79.9,20.6,-0.341,0
49775.67,2.2,10716.48,16029.5,694,66.2,26.4,0.265,1
67676.88,6.6,24684.92,24706.44,756,95.8,15.0,0.099,0
46792.66,0.5,1646.48,6357.18,779,100.0,64.8,-0.039,0
37911.78,4.7,2871.06,18111.15,754,83.9,45.0,-0.015,0
131008.29,7.5,40606.13,42383.42,834,100.0,28.8,-0.376,0
96463.9,8.9,30652.79,37118.61,706,99.3,25.6,-0.355,0
35650.71,0.3,19810.41,11413.59,722,88.3,15.2,0.606,0
74061.0,3.1,14189.79,15449.04,850,91.4,33.6,-0.053,0
36009.09,2.3,9154.62,22595.14,651,97.3,38.4,-0.498,0
28237.99,2.9,6726.22,10763.66,497,64.5,0.0,0.321,0
95663.8,10.2,49873.57,27637.6,646,87.5,15.7,-0.359,0
21220.97,2.3,12465.64,15868.77,439,91.8,21.5,0.202,0
90198.74,7.5,23836.79,40983.99,672,63.9,56.7,0.516,1
47145.92,4.8,1228.48,5781.73,790,100.0,23.9,-0.076,0
48225.8,2.8,10551.92,20303.34,728,99.3,0.0,0.405,0
67870.94,2.6,37001.52,35054.58,718,99.4,13.0,0.257,0
74582.36,5.2,23807.12,12496.38,675,89.7,69.5,0.551,0
34389.66,4.0,8395.08,12137.69,676,70.7,27.5,0.204,1
80398.36,0.8,19723.44,31801.18,699,66.2,14.2,-0.185,0
57662.01,1.9,18982.29,24773.79,820,82.6,1.5,-0.729,0
27151.02,5.3,14524.74,1000.0,674,93.8,35.5,-0.277,0
49343.88,1.4,11065.36,5055.79,728,91.6,37.6,-0.176,0
115809.68,8.2,31342.87,37119.4,785,100.0,43.8,0.347,0
136233.71,1.0,19099.0,15577.51,752,79.7,89.5,0.425,1
80381.69,3.4,10171.84,34564.81,850,79.0,10.3,-0.384,0
28150.24,6.7,5885.82,7135.66,692,84.1,27.6,0.428,0
70957.32,1.7,16180.01,22703.56,537,67.8,40.8,-0.271,0
86506.38,1.3,18920.14,14343.96,846,100.0,26.2,-0.292,0
80752.11,5.9,2727.49,21879.97,814,80.5,0.0,-0.484,0
83426.8,7.6,44934.53,31647.23,646,87.5,45.2,0.118,0
66157.58,3.6,15167.53,10498.61,765,95.4,22.4,-0.205,0
52061.1,3.0,10753.96,8191.0,668,73.5,13.7,0.46,0
38769.84,1.0,3627.35,5773.55,617,87.9,17.1,-0.318,0
19075.03,4.5,2484.26,9172.26,504,83.9,66.0,0.256,1
65303.63,0.7,32861.57,26023.0,612,97.7,61.0,-0.424,0
60013.75,10.3,6660.22,24246.89,770,84.1,13.2,0.361,0
73619.61,3.8,25467.52,25723.13,605,44.0,0.4,0.041,1
25961.01,1.9,13704.51,9755.46,483,70.9,53.0,0.103,1
77246.68,2.5,20118.69,25534.14,567,63.0,76.2,-0.125,0
167711.38,4.7,60868.87,19674.0,683,100.0,81.7,-0.145,0
56565.11,2.9,31840.41,9907.37,725,100.0,6.7,0.174,0
52369.73,4.2,20315.7,7111.87,561,53.9,62.2,0.633,1
64212.38,1.7,32362.31,28231.31,528,69.9,34.9,-0.367,1
165675.34,9.0,44449.8,63309.18,812,64.6,0.0,-0.119,0
30853.14,2.6,12240.02,11531.76,541,87.0,17.8,-0.214,0
60582.65,0.5,28696.3,23183.11,619,70.6,19.3,-0.529,1
34898.13,3.1,7468.4,17008.01,657,80.3,44.5,-0.534,0
40100.63,2.3,16918.72,20353.83,529,64.7,7.7,-0.256,1
52718.69,8.6,18942.99,26400.89,670,90.0,53.9,-0.139,0
113666.93,1.9,3648.63,33286.91,675,60.5,44.5,0.496,0
145880.76,2.9,60673.69,16350.39,757,100.0,55.4,0.346,0
69319.27,4.8,9708.69,25935.57,814,100.0,21.8,-0.287,0
44040.85,6.4,26370.18,23629.35,530,100.0,42.9,0.27,0
213417.66,10.7,136205.94,72339.6,758,92.5,14.3,-0.28,0
42823.62,2.0,2315.59,5558.0,850,100.0,48.5,-0.031,0
39571.93,9.9,3032.04,23504.66,762,96.5,30.3,0.113,0
20410.02,8.4,1651.74,8674.7,621,69.9,32.2,0.739,0
116757.03,2.2,25064.61,26342.13,749,78.8,34.3,0.094,0
92275.6,2.0,7082.48,49661.58,850,89.9,0.2,-0.517,0
204800.79,5.6,38676.05,74958.6,842,100.0,58.8,0.26,0
25229.32,4.1,10524.1,5187.67,555,83.9,36.7,0.398,1
120812.37,5.6,16838.46,24417.22,797,91.8,58.9,0.311,0
56307.02,3.2,6878.7,17659.95,813,79.3,57.4,-0.348,0
84402.74,4.4,39310.43,28348.59,647,78.2,18.7,0.044,1
21888.63,3.8,4578.66,6130.8,503,63.4,29.6,-0.006,0
121472.72,5.6,32869.69,43824.21,720,90.2,4.0,0.619,0
83498.52,2.0,22173.54,40789.78,757,77.1,59.5,0.216,0
53029.28,4.7,14633.16,3616.17,707,66.0,41.5,0.601,1
77250.76,10.6,0.0,29622.71,752,75.7,39.0,-0.248,0
35560.03,10.2,18369.3,13371.18,593,88.0,29.5,-0.076,0
39391.6,5.1,5802.49,17030.99,772,93.4,15.6,-0.188,0
41986.59,1.9,8398.47,13055.53,651,81.4,60.7,0.343,1
19555.26,14.0,3580.9,4668.65,589,99.0,75.1,0.399,1
87026.43,5.6,6834.78,24461.91,847,100.0,61.4,0.137,0
104336.5,13.1,40160.82,48101.46,735,80.0,31.7,0.033,0
36837.1,5.7,12557.37,8165.83,728,97.6,42.8,0.146,0
65611.85,0.3,23276.34,30423.85,666,74.7,56.4,-0.484,1
46814.71,14.0,25265.78,13256.71,543,65.8,36.9,-0.144,1
64896.61,7.6,4033.19,24386.14,618,70.8,73.9,-0.116,0
38362.38,4.3,5972.18,10822.31,668,71.9,60.0,-0.005,0
33326.77,0.7,10908.11,14250.95,590,77.9,90.7,-0.228,1
96629.68,8.1,11324.48,48285.19,826,100.0,38.9,-0.297,0
52306.25,5.7,257.86,16793.19,795,76.7,0.0,-0.559,0
164745.96,16.6,89703.54,58420.68,670,78.7,36.4,0.151,0
55573.99,12.3,37494.67,31719.04,520,86.2,27.4,-0.48,1
32554.05,12.9,5181.61,25320.95,633,65.5,38.5,0.35,1
106384.75,5.0,32863.14,56605.48,817,86.0,70.7,0.113,0
76645.03,4.8,34282.11,14903.24,644,93.2,24.2,0.31,0
80803.86,5.7,24994.28,5066.19,778,100.0,18.4,-0.312,0
104279.53,2.5,7457.47,27531.02,789,100.0,22.1,0.652,0
37833.95,4.4,21346.11,24649.11,530,89.1,78.1,0.777,1
50514.25,3.7,11208.28,2698.27,656,80.9,25.8,0.011,0
49301.15,9.7,1346.98,3674.08,746,81.7,40.2,0.138,0
26637.88,11.1,1834.39,6578.99,695,89.7,71.9,-0.004,0
46864.95,6.9,19635.31,1000.0,618,83.3,48.3,0.353,1
112984.81,2.1,40245.48,44059.22,752,82.7,0.0,0.277,0
61730.66,14.6,19077.7,8163.46,634,70.9,25.3,-0.621,0
25839.67,8.1,5471.14,12417.96,702,93.4,21.9,-0.289,0
23023.91,5.4,2479.98,1000.0,643,88.2,0.1,0.137,0
135351.02,6.4,17575.92,53694.9,850,73.4,25.5,0.271,0
51550.88,1.2,19780.17,9805.25,730,100.0,0.0,0.052,0
37946.19,3.7,24329.94,7811.73,456,86.9,41.5,-0.594,0
46597.61,10.3,0.0,12047.24,660,64.1,35.1,0.195,0
24040.15,1.1,11047.78,14783.16,565,97.2,20.8,0.639,0
118504.04,1.1,11740.5,41427.57,807,74.6,0.0,-0.804,0
43643.99,8.2,19731.77,9379.25,575,78.3,62.9,0.329,0
114929.12,6.1,45533.67,46264.16,668,81.4,23.6,0.641,0
55737.5,1.1,18841.45,7379.65,737,96.1,57.0,0.33,1
118924.32,3.5,40659.6,38333.31,578,83.2,32.5,-0.028,0
62391.35,5.4,11644.29,22847.52,730,92.7,64.2,0.314,1
86619.3,5.0,24359.0,30035.23,614,62.0,46.7,-0.03,0
80458.85,5.8,186.81,8896.78,780,68.6,37.2,0.19,0
76329.14,3.3,34214.68,16808.84,754,84.4,18.2,0.029,1
65602.16,5.2,19186.22,6667.34,694,73.8,61.0,0.039,0
47664.02,6.9,17839.33,14748.74,649,81.1,30.9,-0.267,0
155358.26,6.5,86712.04,65937.4,803,94.4,18.7,-0.162,0
32898.58,3.4,23508.58,11775.1,538,72.8,31.9,0.569,1
54304.87,7.3,9284.3,4533.91,765,73.7,34.1,-0.217,0
54621.74,1.9,32057.6,5657.66,518,85.5,52.5,-0.685,1
67598.59,2.5,26315.77,27982.33,667,54.2,0.0,1.0,1
42778.46,8.1,9001.86,5615.29,709,98.1,82.7,-0.153,0
64415.56,7.2,34628.59,29844.81,605,85.8,44.3,-0.094,0
49371.89,3.6,10726.1,12232.62,766,85.3,34.7,-0.141,0
22695.59,2.5,9015.32,1000.0,526,76.4,43.9,0.006,1
54461.74,2.8,3547.15,14370.5,718,93.6,4.4,-0.266,0
29575.13,6.7,5249.82,19658.78,712,81.7,37.5,0.521,0
20870.41,5.8,5724.94,7762.93,589,100.0,48.0,-0.07,0
58412.22,2.4,4840.13,1000.0,577,60.0,29.1,-0.366,0
70851.1,7.2,12811.98,2402.58,850,84.9,45.5,-1.0,0
72379.9,3.5,18965.04,27840.54,635,84.6,50.9,0.383,1
74009.14,2.0,12362.15,13035.26,827,88.4,20.4,-0.154,0
18714.91,3.0,1992.41,7799.5,589,100.0,60.0,0.131,0
25628.0,4.6,1917.21,4424.23,603,64.9,33.8,-0.325,0
160401.73,7.0,30819.21,41228.39,696,64.5,73.1,0.033,1
30455.91,6.7,4025.41,1074.49,588,79.1,61.2,-0.01,1
75808.26,4.0,15089.94,40284.38,715,57.5,43.1,0.322,1
37130.14,5.1,7402.82,4119.89,850,100.0,18.8,0.058,0
56603.16,3.7,5763.96,9278.15,791,97.1,32.8,-0.393,0
38242.78,2.4,26694.6,18678.21,377,91.2,55.2,0.841,1
73780.34,4.1,21728.01,1048.34,687,95.0,23.8,0.152,0
58409.03,0.7,37098.5,12711.65,538,100.0,43.7,-0.331,0
42338.01,11.2,7407.12,8013.15,663,75.4,45.9,0.066,0
30406.31,5.0,3864.96,15849.54,643,78.9,32.8,0.137,1
62772.72,6.0,36972.79,20045.44,730,88.8,18.6,0.169,1
27805.93,2.5,16096.91,14173.32,451,76.9,67.0,0.127,1
68536.01,4.9,12879.8,30811.61,739,71.0,44.5,0.086,1
229708.57,5.5,72185.22,81125.53,791,76.6,29.0,0.321,0
113845.04,3.6,8780.84,27035.38,850,89.3,19.2,0.255,0
80425.88,3.8,12368.51,37488.96,763,96.8,53.0,0.261,0
51684.64,1.4,14192.07,33752.9,630,66.2,33.6,-0.622,0
18651.58,13.7,11456.23,6310.4,418,81.3,54.5,-0.607,1
26179.78,2.4,4386.4,1000.0,669,83.2,16.6,-0.278,0
109703.45,2.7,4789.04,44720.11,738,64.5,41.1,-0.087,0
35088.69,11.7,7608.71,12920.99,749,90.3,25.4,-0.266,0
36879.51,6.2,14913.28,9435.67,581,82.5,69.8,-0.356,0
49458.65,7.1,1366.59,7471.87,746,70.9,42.4,0.084,1
30208.38,1.3,0.0,14955.51,712,77.2,15.1,-0.305,0
27591.89,4.9,11341.22,10911.57,487,91.5,53.7,-0.841,0
52693.07,1.3,18602.96,22871.93,569,97.7,59.7,-0.475,0
33178.55,2.1,10499.18,13634.97,629,88.8,28.3,-0.213,0
36041.98,15.0,9143.67,17816.0,708,100.0,18.8,-0.09,0
35254.38,1.8,11722.87,11638.65,729,99.6,0.0,0.315,0
72207.42,6.8,22139.81,8559.97,711,91.7,57.0,0.152,0
47683.03,2.0,5532.67,15453.16,702,74.2,0.0,-0.702,0
49108.4,2.2,11433.87,18378.27,850,99.8,34.0,0.508,0
75231.12,21.0,24777.75,8659.94,711,73.2,0.5,-0.07,0
50105.11,4.0,1611.68,25827.61,730,94.5,71.0,0.024,0
46488.51,1.2,6961.21,21201.27,561,49.8,61.7,0.042,1
70175.02,7.0,32536.02,32498.55,652,77.1,41.0,-0.298,0
78237.85,9.8,20607.28,25927.2,641,64.4,56.0,0.197,0
49966.58,7.5,4467.62,19302.62,777,80.0,32.4,-0.682,0
56632.27,3.8,28613.0,8184.31,557,62.5,18.5,0.469,1
35242.76,3.9,4171.75,13908.32,708,84.4,1.5,0.066,0
33746.24,2.8,25680.59,11061.67,371,90.5,50.8,0.127,0
82704.65,1.6,1169.84,35741.93,850,74.9,14.8,0.184,0
69197.37,5.5,11547.81,9755.41,625,79.5,85.5,-0.155,0
69592.64,3.6,11342.95,6141.87,828,87.1,12.8,0.445,0
63225.94,1.3,12755.59,19619.22,660,83.3,55.2,-0.254,0
55570.72,4.1,6798.85,20257.59,814,100.0,60.5,-0.35,0
79461.39,2.4,2263.33,41038.24,850,74.4,8.2,0.052,0
90609.09,5.3,35047.84,27591.79,685,91.5,26.0,-0.482,1
89426.77,4.9,33018.45,44489.2,668,87.6,30.4,-0.198,0
51255.19,3.2,21925.96,19839.06,641,61.8,100.0,0.091,1
116174.19,4.3,17281.72,52435.57,842,85.2,30.1,0.257,0
61429.99,4.5,9073.61,31298.26,805,82.8,12.2,-0.013,0
76711.5,8.1,29553.38,11635.2,593,77.1,44.8,-0.316,0
63268.85,4.1,13590.05,12867.21,726,100.0,14.0,-0.118,0
62059.8,2.9,21753.63,29321.64,733,100.0,33.8,-0.234,0
36146.54,3.5,1250.96,9405.23,684,73.3,25.9,-0.034,0
79677.54,13.0,16968.89,26757.95,735,92.9,45.4,-0.217,0
259085.12,2.0,98075.85,44189.99,850,94.4,23.8,-0.342,0
44084.46,3.7,13949.41,21420.51,561,86.0,21.1,-0.386,0
56333.64,3.6,33418.04,17419.87,529,68.6,56.6,-0.643,1
42386.58,3.8,5551.31,15063.43,611,70.7,40.8,0.378,0
41422.9,1.6,23336.47,12097.68,628,91.4,35.6,0.251,0
126683.51,3.5,72613.84,24880.6,726,91.1,0.0,-0.43,0
37416.46,2.8,14467.02,15757.27,620,80.0,47.4,0.228,1
41741.69,5.2,10329.16,17731.26,798,100.0,25.6,0.015,0
22626.54,8.9,8281.01,1056.81,579,100.0,40.6,-0.452,0
35714.55,5.5,13904.54,12214.64,630,100.0,0.0,-0.368,0
21170.84,4.7,7231.87,10545.75,678,100.0,40.5,-0.052,0
76687.39,5.9,30420.6,35487.86,761,83.8,38.9,0.259,0
252668.46,5.0,110154.44,81892.72,807,65.3,30.4,0.208,1
44281.69,4.2,16090.72,21963.21,497,79.5,17.3,-0.189,0
21661.31,7.9,2213.09,5704.53,652,82.4,58.3,0.161,0
88876.21,3.4,15856.9,31612.6,698,75.2,20.1,-0.057,0
36322.45,1.5,9410.37,26186.68,682,78.7,53.2,-0.257,1
110706.83,2.7,8327.31,59477.35,743,67.8,55.9,0.336,1
46392.08,2.4,24098.27,17745.8,605,94.0,18.4,0.055,1
38273.05,15.3,9358.53,9011.33,682,100.0,50.0,0.179,0
49125.0,9.3,10740.37,12855.28,727,100.0,26.4,-0.384,0
82189.04,4.7,45063.9,37988.64,552,87.5,47.8,-0.182,0
47806.58,2.5,8408.89,8141.37,693,81.6,16.3,0.287,0
41225.05,7.9,12081.25,17102.59,658,83.5,32.7,-0.098,0
48564.23,4.6,16874.71,20565.43,781,100.0,36.5,-0.078,0
26916.09,3.4,1400.91,6289.35,773,100.0,34.4,-0.371,0
67397.78,4.6,7560.95,29743.13,730,80.6,42.6,0.069,0
20278.17,3.5,91.68,10526.27,721,100.0,18.8,-0.378,0
42435.19,5.9,17687.07,12059.95,469,86.3,24.0,0.128,0
82261.78,1.4,20493.38,1000.0,663,73.7,49.3,-0.348,0
64002.44,5.9,28791.47,34380.3,649,81.8,26.8,-0.073,1
74957.48,3.5,20642.73,21606.88,734,100.0,25.1,0.551,0
52272.46,8.0,2099.69,28784.33,787,94.1,18.2,0.128,0
103090.28,9.4,38938.8,46599.47,611,76.9,25.8,-0.121,0
90091.81,10.8,10821.67,20985.94,806,97.1,14.5,0.3,0
69243.01,16.1,10369.43,40891.33,740,94.0,49.6,-0.253,0
90232.97,10.6,5721.75,27188.86,785,79.7,26.0,-0.345,0
81857.32,7.8,48985.65,30490.4,469,73.5,13.3,-0.128,0
42544.04,1.6,4975.92,20204.08,662,68.4,30.9,0.385,0
25870.42,0.4,13664.47,14210.79,476,61.0,7.1,0.365,1
68268.19,8.6,3344.17,28621.75,796,74.8,17.9,-0.174,0
73155.97,2.1,33830.78,36057.06,584,81.5,62.1,-0.099,1
98692.04,23.4,64741.53,20178.15,698,100.0,13.2,0.147,0
32371.16,1.1,8963.46,15061.0,802,95.5,32.1,0.85,0
32907.73,7.6,7066.39,1000.0,556,86.8,79.1,-0.083,0
69769.01,5.0,33095.29,18418.5,488,57.8,40.0,0.484,1
52096.77,1.2,8812.59,21242.7,765,88.1,24.8,0.087,0
19203.18,4.9,2682.73,4075.59,632,61.0,0.0,0.299,1
66589.99,2.4,3227.49,26153.7,733,96.2,38.3,0.355,0
19558.54,4.0,5773.58,3325.4,731,96.6,19.6,0.062,0
32212.47,4.1,7603.02,4456.88,580,84.7,46.2,-0.01,1
113939.71,2.4,31374.22,51319.35,788,95.4,21.5,-0.073,0
147810.08,3.2,63616.01,16893.64,809,98.2,40.5,0.123,0
27761.04,2.2,1249.45,18510.54,775,85.5,63.9,0.416,0
45199.2,0.8,24417.87,21547.93,477,82.0,48.4,0.463,1
55461.39,4.6,18034.11,16462.12,686,65.4,8.6,0.424,1
144303.62,10.5,39004.42,73010.3,765,79.0,36.8,-0.163,0
41312.57,2.3,12225.36,18140.26,489,70.0,54.3,-0.199,1
41677.38,14.1,14810.11,5044.58,605,69.9,4.6,-0.29,0
126981.8,16.0,13598.61,49784.41,737,73.7,68.7,0.054,0
44084.61,3.0,26031.25,5133.48,516,56.5,37.8,0.327,1
80596.54,3.6,26073.82,18552.09,645,97.7,46.5,-0.198,0
24042.33,3.1,17097.67,18704.7,493,87.1,28.1,-0.064,1
49307.03,1.6,23812.42,20816.55,645,100.0,35.9,0.226,0
21746.8,3.6,892.91,8600.37,747,95.2,17.1,-0.112,0
30318.44,3.3,10049.79,10057.33,595,91.0,65.9,-0.067,0
85953.42,4.6,10489.22,40166.38,729,95.1,70.9,0.39,0
52709.56,4.8,15700.04,16503.87,659,86.1,77.9,0.008,1
45455.62,1.5,9107.09,1758.85,783,100.0,0.0,-0.252,0
35889.06,6.6,5198.7,3102.95,637,76.9,41.6,0.034,0
47984.78,3.6,9538.15,15627.02,850,83.7,43.6,0.152,0
63934.36,1.8,7200.52,24948.01,677,80.1,20.9,0.877,0
93023.17,3.5,11402.1,8636.39,850,100.0,42.5,0.532,0
12786.81,4.9,10095.07,2039.04,395,75.2,6.3,1.0,1
34287.34,11.9,12016.54,4992.75,621,100.0,64.4,-0.373,0
59130.55,10.6,20416.54,18057.27,652,64.9,4.3,0.487,0
51309.2,2.8,5194.96,14627.84,770,85.4,40.0,0.544,0
67633.38,3.8,4042.09,20719.77,755,81.5,50.8,0.011,0
62764.64,2.1,22029.45,10477.81,604,69.7,23.0,-0.137,0
45812.98,5.5,12404.0,18355.83,611,74.7,62.5,0.258,0
40547.55,3.0,10217.56,10809.72,678,91.0,0.0,-0.114,0
47333.53,3.7,3227.63,31157.33,818,79.3,34.4,-0.4,0
101906.22,8.8,13213.56,19956.78,830,70.5,1.3,-0.496,0
36221.05,1.5,8771.47,15563.71,713,96.6,19.5,-0.524,0
52336.87,10.6,22887.35,19952.63,609,83.7,25.1,0.082,0
59924.35,5.9,14260.2,21706.02,715,88.6,23.9,0.235,0
127796.32,10.3,35178.56,32836.79,770,99.3,60.4,-0.341,0
45928.01,7.3,20057.1,7761.39,675,100.0,11.6,0.169,0
91797.8,8.2,7602.92,40022.96,677,52.0,3.9,0.167,0
106679.97,4.4,10791.53,55808.66,785,82.5,26.4,0.121,0
52309.6,1.8,11632.2,18448.52,551,60.5,37.3,0.238,0
48247.75,2.7,20733.57,18134.88,606,100.0,45.1,0.075,0
45207.6,2.3,19186.14,6111.23,724,86.1,58.1,0.467,1
47065.58,0.6,11198.12,1804.0,732,97.6,0.0,0.218,0
86667.3,8.8,20748.37,11081.17,693,75.2,68.8,-0.439,0
61516.18,4.0,39267.69,25895.0,557,79.0,18.6,0.644,1
61661.15,2.1,16240.1,10704.5,795,99.4,29.4,-0.336,0
29176.74,15.6,9268.76,2146.45,618,91.2,35.5,-0.006,0
31820.96,20.1,5792.4,6329.79,731,100.0,0.0,0.893,0
176115.58,1.3,9475.6,17366.45,806,72.3,26.4,0.171,0
49128.56,3.6,14678.54,14268.96,591,80.9,54.8,-0.288,1
35379.06,3.5,9506.52,20040.57,748,91.2,47.6,0.118,1
119026.87,2.0,40216.11,43811.44,805,93.3,25.0,0.183,0
63259.13,8.6,28614.8,23477.24,625,89.9,39.3,0.07,0
74457.61,0.6,30162.99,23130.72,673,65.5,44.2,-0.177,0
50215.25,13.1,12488.51,20379.6,683,70.8,29.8,-0.448,0
45466.44,4.6,2778.52,5588.66,705,88.8,44.8,-0.408,0
49351.7,14.8,9381.61,10427.63,652,62.4,19.0,-0.273,0
25323.65,4.3,4580.77,1540.2,626,71.6,16.1,0.453,1
51618.73,3.4,7670.3,21941.46,683,84.5,29.1,-0.427,0
63755.98,9.1,14182.28,20651.52,705,73.1,0.0,0.055,0
149904.66,14.7,72819.92,30525.8,695,87.2,48.9,0.489,0
56800.45,13.2,25405.19,7820.79,619,82.7,36.7,0.228,1
15005.96,0.9,4804.65,1000.0,745,73.0,30.6,0.497,1
51447.03,10.9,19628.88,30268.46,568,73.3,50.9,-0.205,1
244440.52,3.3,90750.01,86378.54,744,100.0,42.7,0.22,0
87247.26,3.9,1033.13,4970.7,850,89.4,56.3,0.403,0
34683.21,3.3,9670.96,7538.45,629,87.5,66.6,0.329,0
74989.89,2.7,28935.14,16295.53,653,84.8,41.6,0.311,0
36022.27,3.7,8602.12,5902.37,689,71.3,20.6,-0.418,0
25729.82,1.9,9189.47,6833.95,457,76.1,49.5,0.233,0
44729.87,11.0,20128.42,11953.35,531,50.4,20.7,0.171,1
56973.39,7.2,14962.47,33564.68,675,75.1,19.8,-0.053,0
19347.42,5.2,9959.37,9967.79,479,75.3,29.1,-0.212,1
28795.15,3.3,17230.99,14491.58,509,91.7,58.2,0.158,0
54485.21,2.8,24523.71,29863.65,744,75.6,50.0,-0.346,1
43282.55,6.1,2930.87,22315.96,723,95.0,52.7,-0.151,0
67315.53,5.3,13755.65,37997.35,672,80.4,37.5,0.33,0
27776.13,9.5,13414.74,6895.73,558,86.1,46.4,0.365,1
80238.81,2.8,18094.58,16685.75,797,83.6,47.0,0.169,0
28252.37,2.6,3263.3,2676.61,626,93.8,21.2,-0.161,1
133720.07,7.0,26922.69,45614.61,850,100.0,46.8,-0.389,0
21085.33,8.1,8405.35,12062.67,457,70.2,34.9,-0.273,1
29705.73,19.2,13334.82,9622.53,583,100.0,26.9,0.45,0
68155.96,0.9,2454.25,27386.59,749,72.0,27.9,0.068,0
135310.62,11.4,25918.94,61341.91,791,81.4,24.0,-0.036,0
64426.07,4.9,17417.11,22388.96,614,76.6,29.4,0.057,0
73833.8,3.0,17567.66,24556.79,718,100.0,34.8,0.24,0
54701.44,6.1,8532.6,9313.18,645,69.1,48.3,-0.359,0
30806.5,6.0,14111.99,23094.91,594,94.0,65.2,-0.17,0
41374.66,3.1,7468.16,5199.46,527,53.1,46.4,0.226,1
27818.31,0.9,9317.29,16284.49,632,95.4,37.3,0.084,0
26814.81,11.4,10461.77,12590.18,550,81.3,0.0,0.387,1
67572.87,2.4,21604.84,15394.48,613,78.8,83.4,0.264,1
29209.58,2.1,6486.87,8540.08,680,74.3,20.8,-0.27,0
64586.11,2.6,27996.33,23174.05,625,83.1,21.5,-1.0,0
26476.09,7.8,1837.38,6731.54,670,79.0,60.3,0.071,1
63768.25,3.4,2848.37,38514.89,621,63.1,13.0,-0.366,0
41407.8,2.7,14407.04,1000.0,518,73.0,42.4,0.178,1
117434.8,5.8,48804.48,59135.62,784,95.2,25.7,0.557,0
64734.23,5.2,33521.15,4070.81,641,78.4,29.9,-0.36,0
106903.37,2.7,34206.96,12536.09,830,72.9,36.0,0.226,0
35753.17,0.9,12438.04,23038.59,696,84.7,11.1,0.305,0
55875.36,7.7,32267.13,27842.53,654,90.8,32.5,0.121,0
31583.88,5.3,11719.7,9557.04,549,93.1,55.5,0.115,1
43153.43,0.6,13075.62,22299.5,667,88.7,33.5,-0.727,0
46903.27,12.5,29452.72,6418.33,491,100.0,100.0,0.023,0
36343.77,0.6,16117.8,16398.85,669,84.7,36.8,-0.003,0
27763.39,2.3,6262.71,3736.88,630,80.7,11.1,0.367,0
24898.57,2.4,11711.06,11633.27,616,96.2,24.6,0.336,1
14960.05,2.8,5591.84,8133.01,373,74.1,0.0,-0.179,0
30303.23,2.7,2208.34,14331.71,490,78.3,56.6,-0.665,0
76505.79,1.5,18677.41,31165.89,764,61.7,67.1,-0.559,1
22489.99,4.9,7127.03,8249.63,809,100.0,51.9,0.493,0
25528.03,8.6,4972.99,13747.28,715,100.0,18.2,-0.027,1
145073.27,4.9,33493.77,36239.06,850,81.5,17.6,-0.506,0
38174.66,5.5,6711.99,27606.97,660,94.7,49.7,-0.463,0
64639.13,3.4,7364.91,22300.52,697,93.8,24.6,0.081,0
77132.07,4.8,4643.75,22896.84,850,86.7,17.8,0.042,0
77994.17,5.8,8986.38,37292.67,836,100.0,15.6,0.58,0
23452.38,7.2,8370.44,1305.53,474,66.3,72.4,-0.028,1
47711.0,2.5,6710.54,27579.86,836,81.4,25.7,0.135,0
22247.28,2.2,5467.81,12437.51,482,54.8,51.6,-0.015,1
208037.75,0.4,17437.56,38168.5,744,69.8,46.0,0.287,0
22534.86,15.0,6806.5,7686.84,504,61.2,18.0,0.616,1
30445.33,14.4,12105.62,8586.32,509,58.3,35.8,0.331,1
30566.79,4.2,5306.69,3054.84,717,77.1,15.0,0.69,0
23785.63,4.3,9566.26,15287.9,525,89.1,64.0,0.189,1
113996.91,11.9,17906.27,12817.6,790,74.7,16.8,-0.555,0
205324.38,1.5,110203.47,39891.93,640,76.4,42.3,-0.288,0
41703.4,2.1,35713.27,3651.95,396,73.7,25.1,0.287,1
26206.62,12.4,6891.88,10730.81,680,86.0,16.5,-0.084,1
15830.46,3.4,8682.55,10097.72,410,75.5,56.5,0.001,1
47369.8,1.8,10825.88,23640.55,602,69.9,24.6,-0.284,0
45524.19,6.1,11494.07,20749.41,833,97.1,0.0,0.506,0
37865.18,2.5,11855.3,10167.59,573,71.8,43.5,0.536,1
61191.06,11.0,15787.39,17614.31,661,66.2,20.9,-0.08,0
67328.93,4.7,29795.08,5443.12,658,94.4,38.2,-0.077,0
64711.6,2.6,29350.07,32614.71,444,60.4,52.1,0.446,1
45530.21,2.7,18431.47,14291.27,631,100.0,42.1,0.366,0
29557.95,5.9,6947.67,16946.03,590,69.6,52.8,-0.571,1
78136.16,3.7,9255.72,35474.55,779,85.1,9.0,0.238,0
54550.52,3.4,19267.79,16397.51,657,70.1,59.0,0.174,1
88308.94,7.4,32992.5,39613.24,659,84.2,29.1,0.065,0
83662.12,12.1,9853.14,39915.94,799,76.7,6.5,-0.307,0
24785.92,6.7,8717.43,8576.9,549,70.2,0.0,-0.3,0
24616.64,2.4,7648.32,11364.79,599,61.5,28.8,-1.0,1
35755.26,1.7,6606.48,9307.52,779,76.4,19.3,-0.23,0
30304.58,7.1,10807.58,11613.25,689,90.7,19.6,-0.69,0
82074.98,6.7,40258.18,15697.63,673,93.4,41.7,-0.189,0
65724.06,3.2,35780.95,33648.47,542,73.9,69.4,0.141,1
99166.07,3.8,17743.28,40385.53,762,74.0,17.0,-0.409,0
67377.59,2.5,17650.74,32826.64,628,81.6,36.8,0.466,0
60764.27,1.7,0.0,3633.72,850,84.0,23.6,0.685,0
104804.44,2.7,6603.82,46286.4,701,84.0,15.3,0.083,0
70147.12,0.3,8704.2,20235.8,735,77.9,14.7,0.213,0
56244.05,9.7,11048.34,18736.29,726,78.9,67.8,-0.566,0
122302.06,1.3,43619.47,17221.98,603,80.0,35.3,0.064,0
57719.45,4.2,7700.65,29496.31,677,50.2,31.2,-0.492,1
45826.26,0.5,15642.71,15090.84,700,78.3,21.3,-0.603,0
34173.21,6.6,20844.21,5863.96,520,94.9,36.3,-0.443,0
79750.96,8.0,25277.78,15226.1,721,100.0,22.2,-0.054,0
106977.93,4.5,25664.06,17948.69,672,100.0,73.6,-0.014,0
52689.79,4.0,3442.69,13707.71,725,85.3,40.0,-0.025,0
111229.8,2.5,13153.64,12536.77,707,67.4,37.8,-0.407,0
18333.62,9.5,10198.88,7061.93,399,76.3,37.3,0.037,1
52548.96,1.0,12105.99,17554.31,714,73.3,61.2,-0.243,0
52994.73,3.0,22789.26,18363.89,513,64.3,34.6,0.045,1
36321.06,2.2,8648.96,15915.53,660,70.8,25.5,-0.083,1
201012.74,2.2,59809.68,60244.38,714,73.8,38.2,-0.631,0
52239.49,9.4,5632.17,11908.87,688,64.5,50.8,-0.238,0
43293.08,3.9,23474.97,21833.8,593,97.1,58.7,0.19,0
54955.51,2.5,29477.54,16650.51,683,92.5,39.3,0.294,1
18005.86,5.4,759.19,4756.09,561,83.3,39.6,-0.431,0
35670.26,5.1,14162.84,14492.86,550,89.3,54.9,-0.267,0
93039.74,7.9,23320.66,46129.52,834,88.3,0.0,-0.157,0
38333.52,5.9,15173.77,15197.06,540,73.7,36.8,0.41,0
34341.8,4.0,2126.58,14291.67,747,100.0,23.3,0.164,0
111328.34,4.2,21215.58,50994.56,787,73.2,36.2,-0.448,0
113225.87,5.7,20980.11,59384.3,699,60.6,42.1,0.172,0
71994.48,1.9,8659.14,10890.25,756,86.3,59.9,0.444,0
42179.33,5.0,5678.72,12586.92,752,91.9,7.3,0.076,0
47490.78,11.9,5023.0,20827.92,725,79.8,20.6,-0.271,0
34812.0,4.5,22583.29,22213.15,488,100.0,17.2,0.297,0
31347.03,3.2,7693.41,1000.0,628,86.5,22.9,0.065,0
30502.71,3.2,16235.4,5681.94,564,72.5,7.6,-0.087,0
38563.83,5.5,16065.56,24072.12,515,75.7,77.7,0.313,1
30665.8,4.8,11100.01,9933.21,613,86.1,52.4,-0.001,1
22924.52,6.8,9227.05,6223.02,555,85.1,19.5,0.028,1
61124.71,2.6,30304.26,14245.51,695,100.0,35.3,0.301,0
61637.61,3.7,32178.48,6858.95,612,95.7,26.3,-0.175,0
138058.95,7.6,50532.88,33291.54,627,62.1,38.1,-0.405,1
37511.92,8.0,11227.78,21016.61,685,81.6,19.6,0.114,0
63758.34,8.0,22661.28,37132.77,605,66.6,4.5,0.545,0
64343.55,7.0,21385.34,22138.98,705,100.0,23.6,-0.796,0
47117.01,7.2,5996.03,18705.45,656,70.4,62.6,0.257,0
81583.59,5.0,7001.05,42564.0,727,86.8,5.3,0.012,0
82981.76,1.2,10231.46,36971.21,687,74.2,56.9,-0.187,1
64865.82,1.3,15235.72,11681.07,576,56.3,46.2,-0.226,1
47070.33,4.5,14304.63,22956.84,601,66.4,27.0,0.316,0
44505.07,4.6,17289.68,11910.45,584,80.5,50.0,0.238,0
25533.21,2.1,6525.36,1000.0,600,92.0,39.2,-0.363,0
34778.17,2.2,8864.14,18883.46,690,91.4,0.0,0.107,0
38480.08,4.0,8630.9,8806.27,712,65.4,26.9,0.48,1
29196.83,16.5,8445.58,13719.53,696,88.4,27.5,0.244,1
69006.65,1.8,7037.17,23218.16,814,97.3,63.9,-0.584,0
104625.79,3.1,16374.42,7178.48,798,91.2,27.0,0.226,0
32878.22,7.9,11276.68,12014.24,560,78.9,30.8,-0.437,0
63315.97,6.9,7750.45,33305.6,743,84.7,11.8,0.076,0
30676.09,5.3,7061.3,8171.21,636,86.1,33.7,-0.262,0
45811.61,0.7,25886.43,15793.29,719,100.0,11.2,0.141,0
37060.94,3.5,8104.09,6620.38,623,100.0,56.7,-0.234,0
75436.2,13.6,27415.84,16464.63,729,93.0,26.6,-0.366,0
37296.94,2.2,6353.44,1000.0,672,84.7,11.2,0.11,0
94505.49,2.1,48064.71,18319.12,698,83.6,59.5,0.04,0
47327.82,11.5,10955.18,8952.27,705,85.0,8.9,0.288,0
37900.44,4.0,10717.0,12016.49,601,86.9,40.1,-0.186,0
27192.11,0.8,2237.21,10419.53,638,76.8,5.3,-0.53,0
62271.71,1.6,6481.9,17423.68,850,100.0,40.9,0.237,0
88642.8,2.6,3529.26,20945.52,759,72.9,56.4,0.506,0
62964.52,5.1,17788.82,16571.16,816,100.0,22.0,-0.202,0
185601.54,3.6,87339.35,98779.47,695,53.2,11.4,0.17,0
118941.03,2.0,67275.77,64519.49,713,80.1,12.0,-0.109,0
45746.0,3.7,28008.28,29608.93,510,79.3,33.9,0.676,1
45482.59,2.2,9105.51,4745.95,654,87.2,73.6,-0.184,1
70145.94,14.1,4422.71,30449.95,723,78.9,56.4,-0.016,0
34169.53,1.5,7712.54,4252.91,602,100.0,58.4,-0.708,0
102894.41,2.9,10575.91,36363.63,804,80.6,13.6,0.551,0
66097.11,2.6,22247.16,36908.03,594,69.6,56.9,-0.187,1
62383.27,2.6,8152.06,15036.83,679,70.5,54.7,0.454,0
79049.1,1.7,13503.98,32399.14,788,77.4,41.1,-0.235,0
139742.46,10.9,15386.91,59758.83,850,94.1,22.4,-0.028,0
59517.49,17.3,13482.67,8868.33,702,96.7,54.4,-0.273,0
50910.67,5.6,7099.55,9311.54,711,67.2,21.4,-0.327,0
124218.3,5.3,40959.37,57534.49,668,72.8,48.1,-0.103,0
92240.33,1.0,51309.16,31009.89,475,69.1,27.4,-0.048,0
45408.8,10.8,10617.46,1390.76,761,80.0,15.3,-0.128,0
54331.13,2.2,7004.74,4838.9,776,97.5,26.9,-0.533,0
60322.44,0.9,30653.18,30880.5,548,86.4,74.4,0.099,1
66104.83,6.4,39440.88,6909.15,679,91.7,11.7,-0.685,0
25690.33,8.9,8942.47,18171.97,687,94.5,54.8,-0.118,0
23193.64,10.7,1322.2,2779.13,645,75.8,51.8,-0.553,0
33254.17,3.0,3669.42,11746.1,813,66.1,31.3,0.315,0
31869.15,2.7,6299.82,9994.8,643,75.8,24.0,0.431,0
38021.11,4.9,6181.04,16131.84,803,95.5,10.0,0.207,0
76810.06,3.6,36399.18,23244.07,594,92.4,60.8,-0.167,1
49369.54,6.4,19735.83,6954.99,616,85.1,11.2,-0.26,0
60356.08,5.0,12378.22,9746.0,809,97.3,0.0,-0.089,0
27629.33,2.0,11710.07,14575.2,656,86.0,41.2,-0.019,1
42028.23,10.9,1045.13,20038.71,746,79.4,8.0,0.169,0
74831.31,6.5,38444.24,19828.87,618,62.0,32.8,0.139,1
75148.68,8.7,11457.3,16067.55,848,100.0,8.1,-0.713,0
36369.45,2.1,18608.03,1000.0,548,82.7,23.4,0.232,0
59214.06,6.3,6999.86,18972.87,766,77.7,36.4,0.135,0
181564.51,7.6,39532.52,23741.78,780,82.6,40.4,-0.274,0
53654.53,4.8,19388.14,27706.73,731,100.0,61.8,-0.339,0
37002.74,1.7,34920.98,14498.84,432,97.9,35.0,0.022,1
49238.48,4.5,13722.24,11085.37,700,79.0,37.1,0.063,0
56993.78,7.1,34056.56,26295.9,609,90.6,30.2,-0.386,0
49854.17,9.1,19190.21,16007.47,668,100.0,53.5,0.02,0
53250.1,1.1,6455.47,14381.03,520,88.9,12.4,0.065,0
24492.06,4.8,18312.25,1000.0,418,85.7,26.2,0.3,1
31906.12,1.3,2820.58,19092.35,541,54.7,35.0,-0.039,1
49904.46,7.2,7399.65,12865.17,811,100.0,16.9,-0.71,0
49469.06,8.5,20183.04,26511.13,550,69.6,62.9,0.088,0
39679.74,1.9,12008.67,7029.74,443,57.8,41.4,-0.592,1
49150.51,1.6,15443.18,12467.03,655,58.7,10.5,-0.297,0
56025.27,2.6,6720.85,29382.48,689,72.0,43.2,-0.473,0
88360.24,3.7,18113.33,27872.55,748,90.8,61.2,0.173,0
51299.36,2.3,16455.69,5920.1,755,100.0,20.6,-0.38,0
67474.62,7.6,8303.52,30117.97,758,88.8,62.2,0.35,0
40220.01,9.2,3104.98,2594.54,842,100.0,40.1,-0.405,0
74209.89,4.6,9950.37,39651.06,800,78.4,39.0,-0.705,0
66612.78,2.4,25297.4,40395.11,640,80.8,59.0,-0.122,0
87220.91,3.6,3307.65,16597.49,759,57.9,39.1,-0.465,0
80209.98,4.6,26244.49,26160.54,662,75.9,42.8,0.461,1
74892.17,3.5,24400.65,37607.67,585,55.4,36.8,-0.238,1
51321.78,4.0,13098.46,24343.54,722,65.2,0.0,0.404,0
61989.27,8.7,11684.01,19558.73,811,92.8,43.2,-0.107,0
97239.27,2.2,27102.68,38669.51,658,60.4,40.0,0.125,0
37848.97,14.9,10461.9,9785.43,606,61.8,27.4,-0.185,0
38344.86,4.7,11987.03,1000.0,548,59.4,0.0,0.832,0
59861.41,3.4,15233.29,23360.68,762,94.9,47.4,-0.402,0
68077.62,2.2,9008.45,1983.92,756,100.0,17.8,-1.0,0
34431.99,2.4,10428.38,7821.34,663,83.0,12.5,0.091,0
51993.84,4.3,23283.49,10643.81,708,97.2,10.6,-0.359,0
51446.65,4.7,8517.42,27841.92,784,67.7,0.0,0.072,0
16020.04,3.3,4314.31,7266.75,467,100.0,44.2,-0.024,0
48012.82,1.3,14147.38,13785.38,709,74.0,82.1,-0.185,1
49685.84,4.3,1356.55,2760.48,850,93.3,23.4,-0.142,0
49604.6,2.4,15635.72,3041.65,681,83.6,51.4,0.143,0
118036.93,0.8,21721.28,60479.13,697,57.1,33.1,-0.126,0
27758.88,6.6,18525.42,9031.71,491,71.6,40.5,-0.053,1
34422.22,0.9,6602.86,1000.0,820,86.4,33.7,-0.174,0
12878.21,3.2,570.91,12449.5,516,58.1,50.6,0.57,1
41585.04,3.9,5288.49,2534.3,837,88.2,10.8,0.458,0
43581.85,10.0,3837.16,15404.65,704,64.2,37.0,-0.515,0
40925.66,0.8,6660.26,11624.92,791,91.6,57.7,0.001,0
99630.39,7.1,24449.08,40455.04,725,65.0,49.0,-0.285,0
86971.84,7.9,32495.55,7069.62,710,90.2,41.5,-0.436,0
56546.65,12.1,7625.64,27419.36,740,95.4,37.0,-1.0,0
44185.98,9.0,25242.6,15817.38,541,81.6,27.8,-0.114,0
95263.72,4.0,25566.47,40141.1,790,82.9,27.9,-0.087,0
53590.83,7.3,1243.77,11243.49,841,100.0,3.9,0.475,0
34542.7,10.4,5703.4,17799.64,575,73.0,45.1,0.367,0
21079.65,0.6,931.2,5877.21,578,76.5,62.3,0.172,1
42500.75,1.3,10999.88,17069.57,604,93.0,40.9,0.258,0
82047.53,5.1,40380.97,42429.02,681,89.9,35.3,0.298,0
189490.9,7.9,38670.88,92973.0,850,80.6,47.0,0.171,0
56043.63,6.5,8422.87,26819.13,730,67.0,0.0,0.485,0
35562.77,5.4,20349.57,18932.1,505,97.6,24.9,-0.444,0
28233.63,12.0,7242.02,9702.77,569,66.7,33.5,-0.171,0
73392.37,3.3,12085.86,18578.38,767,100.0,0.9,-0.22,0
20526.28,2.3,8180.94,1402.64,484,67.3,38.2,-0.193,1
73327.41,2.8,14133.31,28856.36,787,68.5,0.0,-0.053,0
84943.48,5.1,22806.72,41332.45,738,88.8,48.8,0.571,1
68868.47,3.9,36755.54,22466.9,637,91.7,39.5,0.313,0
48011.03,8.2,13279.41,9492.42,705,70.4,31.2,0.428,0
73918.42,2.4,43732.7,26989.24,574,100.0,50.2,-0.027,0
59516.93,5.6,15591.78,15376.63,771,88.6,37.9,-0.043,0
35313.9,7.4,18333.14,19740.22,523,80.5,44.5,0.202,1
149900.46,10.3,12765.15,52181.68,850,89.4,40.7,0.151,0
44648.52,1.5,9550.64,1317.41,772,100.0,17.8,0.151,0
83005.63,2.7,886.14,36498.34,715,100.0,66.4,0.811,0
14325.01,3.7,1770.28,1000.0,565,86.7,59.9,0.205,0
109322.66,1.1,40026.42,37330.86,569,66.2,43.6,-0.275,1
121518.29,5.4,29956.93,13577.87,842,66.4,38.0,-0.246,0
55072.65,5.3,8238.99,6627.12,620,64.2,50.0,0.295,0
73668.02,5.0,27737.01,12304.28,701,75.0,60.2,0.267,1
73657.65,3.5,3243.14,10870.66,823,84.5,73.1,0.343,0
38042.87,9.6,19262.07,20845.83,545,87.0,24.2,0.182,1
73197.55,2.8,8821.29,36077.89,692,99.8,55.9,-0.364,0
34726.32,9.0,14114.47,3185.64,551,55.0,33.3,0.538,1
38761.54,2.8,3238.6,7430.49,728,83.8,2.8,0.47,0
100691.71,1.5,28202.4,41610.99,748,90.5,51.8,-0.135,0
92601.6,4.0,33396.23,4773.4,577,44.7,64.3,0.128,1
36735.3,4.6,4526.47,12666.73,527,90.3,54.5,0.065,1
36189.82,5.7,11576.71,3603.64,674,100.0,31.6,-0.13,0
37984.06,0.4,5040.28,13545.46,812,94.8,42.8,-0.406,0
81060.56,3.2,29337.99,43863.54,578,88.3,49.0,0.201,0
31257.3,14.2,3987.42,10041.54,680,80.2,46.5,-0.522,0
65919.66,2.6,24828.1,40135.99,638,87.3,59.6,-0.208,0
81696.44,7.9,28598.54,37263.12,677,100.0,53.9,0.599,0
51609.7,23.8,3810.59,21002.75,758,79.1,23.4,0.146,0
94422.53,15.9,16887.06,38710.19,819,100.0,35.5,0.134,0
45827.03,1.7,7979.68,18536.87,831,90.5,24.9,-0.103,0
48164.59,7.5,7135.77,20640.28,735,100.0,38.2,-0.546,0
31650.67,7.8,2992.98,19115.6,831,99.2,0.0,0.145,0
94792.69,6.7,40008.99,8427.27,656,86.7,73.6,0.175,1
35539.99,1.5,11135.07,12213.62,681,85.8,19.4,0.278,0
65668.49,5.0,36251.03,18742.48,583,79.6,24.7,-0.137,1
52092.49,4.9,5898.98,6170.16,720,97.7,36.7,-0.143,0
30362.67,1.3,10780.66,6410.48,672,75.7,7.4,0.199,0
38754.16,3.4,13163.49,10193.09,636,85.6,28.3,-0.44,0
115911.21,5.1,40550.6,33334.68,705,81.3,38.4,0.285,0
60531.04,3.9,43215.45,12926.37,515,65.2,68.0,-0.056,1
31100.13,7.0,15569.69,1000.0,627,87.1,37.8,0.103,1
64082.75,3.3,7761.57,11537.42,669,62.6,26.9,0.808,1
49992.95,4.6,251.56,21888.59,850,77.7,12.5,-0.095,0
362118.04,8.3,128523.27,49770.04,798,93.3,77.8,0.049,0
63374.58,13.1,11406.4,5741.16,745,86.4,36.5,0.01,0
43943.34,1.4,6211.09,13297.6,779,86.1,36.6,-0.693,0
118304.29,6.8,52751.21,32124.82,528,71.9,7.6,0.214,0
19681.42,2.9,5623.7,6177.39,546,98.7,45.5,-0.818,0
57061.0,5.7,11321.87,31288.74,670,71.6,23.2,0.265,0
162256.82,1.3,30373.35,34779.77,844,93.9,64.4,-0.242,0
50822.29,9.7,4006.18,16382.2,784,100.0,44.3,-0.258,0
20882.87,2.2,4053.3,1906.03,381,62.6,37.5,-0.013,1
43575.27,8.4,12341.21,26713.81,654,78.3,8.5,-0.464,0
120569.9,1.5,53520.05,32974.57,572,77.0,33.0,-0.039,0
66625.21,1.1,20559.37,13771.61,662,87.8,30.7,-0.384,0
34153.8,3.6,18879.91,12503.18,477,70.8,37.5,-0.451,1
37164.77,5.0,9487.4,9700.47,654,67.7,0.0,-0.076,0
39821.6,16.9,10339.23,8055.61,664,83.2,16.8,0.428,0
66082.47,4.9,7778.8,34365.5,749,76.1,25.1,0.253,0
113097.76,1.7,8965.71,57930.25,772,82.0,45.0,-0.19,0
96648.18,7.5,11743.67,41105.8,850,96.5,0.0,-0.057,0
69619.97,10.8,19983.94,5870.26,573,61.4,62.6,-0.19,0
26045.37,2.1,10208.32,13659.24,535,82.4,59.8,-0.418,0
26098.6,8.2,10457.95,17879.93,514,75.7,15.1,-0.367,0
72641.28,9.9,15857.38,38867.46,672,84.3,84.4,0.093,1
25848.06,7.6,8441.97,4143.16,573,75.8,39.8,-0.256,1
47855.35,2.5,20879.33,8879.73,507,67.5,32.8,-0.021,0
64041.25,5.0,11459.7,11994.79,731,89.5,46.9,-0.357,0
28978.9,5.7,11256.0,13885.72,599,100.0,43.4,0.277,0
30842.71,9.5,5800.77,3304.3,727,82.6,37.3,0.224,0
51443.19,2.6,8294.33,5015.6,735,73.8,13.3,0.545,0
71468.18,8.3,26294.31,22663.7,679,73.8,26.3,0.477,0
97132.89,3.8,36732.39,9805.07,681,97.1,42.1,-0.323,0
75650.5,3.2,11486.7,38216.98,545,71.7,51.7,-0.301,0
56416.17,4.5,8037.57,14436.29,715,100.0,63.8,0.123,0
35939.52,0.3,2109.58,7640.21,535,61.1,25.9,-0.31,0
30061.52,0.5,11225.41,7882.3,612,86.7,36.6,0.082,0
40905.41,0.7,6826.98,16892.1,754,93.3,21.8,-0.121,0
67877.82,5.9,11440.22,29076.29,763,94.7,56.9,0.321,0
65195.32,3.5,51159.75,41445.89,550,93.7,28.8,0.331,0
17069.59,2.5,1117.15,2697.66,603,87.7,23.2,-0.107,0
35167.5,4.2,5469.43,8239.21,682,100.0,36.2,-0.64,0
105080.2,8.4,32787.48,4909.02,748,70.1,1.5,0.354,0
56588.91,4.0,20394.08,27405.92,743,75.0,45.8,-0.214,1
24850.8,1.7,7210.37,13807.96,607,78.4,28.8,-0.008,0
197936.52,18.7,13414.01,47716.66,850,100.0,90.4,-0.048,0
53320.81,4.3,9838.14,24977.28,850,90.5,22.6,0.134,0
66928.74,10.0,32652.7,35117.25,662,93.5,29.7,-0.218,0
67490.26,7.6,19654.31,37444.17,630,81.5,55.3,-0.392,1
44259.38,3.1,2751.04,10197.66,780,95.4,50.6,0.053,0
36309.49,13.0,4813.37,3275.12,653,62.3,55.7,0.289,1
174019.26,2.7,80683.68,79777.6,783,78.3,29.4,-0.043,0
94067.06,5.9,65988.45,45516.41,613,81.0,12.1,-0.044,0
85141.13,5.3,32712.52,28992.95,512,77.4,88.4,-0.415,1
74381.24,5.7,19900.14,38185.19,612,79.5,45.3,0.18,0
31200.06,11.5,12125.13,3609.67,615,91.7,39.5,0.205,0
109386.37,4.4,21990.64,45994.14,754,87.3,51.1,-0.038,0
34073.56,5.1,13023.93,3729.09,666,100.0,8.9,-0.341,0
63310.58,5.3,9406.29,17223.18,725,54.8,25.9,0.029,0
21989.83,16.4,3447.68,2086.16,671,100.0,14.1,0.058,0
17633.0,9.5,1584.25,8766.99,586,74.9,38.3,-0.014,0
64541.27,1.0,32627.11,7861.31,784,100.0,7.4,-0.379,0
34717.37,2.7,6352.25,18777.58,558,78.2,48.5,0.089,0
18141.51,4.6,6339.23,20495.19,608,89.2,58.7,0.057,0
72935.83,11.4,40249.85,16800.33,560,68.9,57.9,0.147,0
173866.74,12.1,23204.29,54993.29,791,67.0,43.8,-0.048,0
116338.36,4.2,26361.31,6703.19,807,92.1,38.8,0.449,0
47026.9,2.7,26573.13,17906.85,494,46.7,26.6,-0.001,1
54440.57,3.8,9607.63,8323.42,704,67.0,44.0,0.488,1
88277.31,4.8,24180.23,30812.28,649,94.7,32.8,0.078,0
100425.4,3.6,28290.28,53063.5,843,78.2,0.0,-0.405,0
44848.95,10.2,4007.49,17034.03,717,71.6,22.7,0.293,0
55204.39,3.3,24276.46,16853.56,733,100.0,50.8,-0.127,0
63916.84,2.1,26308.9,22838.61,753,100.0,12.5,-0.155,0
73469.97,3.7,14667.6,13587.01,850,84.0,12.1,0.363,0
50352.72,5.5,18213.25,10759.22,657,100.0,31.0,-0.437,0
50713.79,10.3,16314.41,1164.59,795,100.0,0.0,-0.613,0
115717.57,2.0,31230.95,32944.5,686,83.8,49.6,-0.077,0
105370.33,5.5,42745.42,51895.73,702,76.8,47.8,0.106,0
70444.17,5.6,15761.3,22266.33,771,85.2,53.9,0.304,0
139456.78,6.4,12927.72,43171.91,783,63.6,39.4,0.051,0
43802.88,3.3,11914.17,9676.25,578,92.0,17.9,-0.788,0
132274.61,6.4,36894.78,26795.19,791,79.4,10.4,-0.34,1
73012.32,7.5,20215.32,36337.83,684,84.8,46.0,-0.441,0
327441.39,3.3,80135.74,76536.68,850,84.6,49.3,-0.66,0
28117.15,5.1,10853.51,9741.95,518,72.1,12.7,-0.06,1
37081.0,3.9,0.0,2120.56,734,83.5,10.0,0.179,0
68209.48,2.4,14356.62,3553.23,630,65.0,34.6,0.34,0
67405.29,1.4,13733.58,15145.47,687,77.2,37.7,0.174,0
158352.12,2.7,35224.92,81137.95,754,68.4,53.7,-0.195,0
37511.17,2.8,6706.64,1000.0,672,71.7,48.2,0.379,1
89116.98,1.3,12048.66,33288.04,732,52.4,33.4,-0.074,1
102678.15,6.1,20030.79,10611.86,673,78.0,55.7,0.021,1
79822.15,7.9,16415.17,32530.81,737,90.8,28.0,-0.232,0
31934.81,3.8,11519.41,3713.3,578,86.5,28.8,-0.086,0
117508.66,4.3,23166.59,43435.56,795,99.2,52.0,-0.147,0
106524.33,3.0,25675.14,25726.24,650,70.7,54.2,-0.484,0
75340.38,4.1,18212.64,12518.58,645,77.3,54.7,0.223,0
60620.67,6.4,36858.02,28347.32,684,96.8,31.4,0.059,0
61350.55,5.5,8314.87,22713.7,759,82.8,36.4,0.278,0
51880.35,4.1,8211.47,13468.73,679,86.6,17.7,-0.246,0
77067.11,2.8,2736.29,20706.34,850,100.0,53.0,0.247,0
55112.08,7.4,1235.1,1000.0,759,80.4,23.2,-0.549,0
33972.66,3.1,2408.04,14899.14,848,77.2,0.0,0.19,0
30432.75,1.5,1266.4,10098.75,633,70.1,26.2,0.237,0
35824.24,4.8,16011.21,4968.4,559,80.0,17.9,-0.363,1
61216.54,0.8,0.0,9761.22,848,98.3,0.0,0.391,0
53379.09,5.4,2205.4,19121.79,739,92.0,23.5,0.545,0
60988.41,5.7,15635.61,27991.93,758,100.0,50.6,-0.201,0
71356.75,2.6,18246.1,24426.62,729,89.1,43.3,0.507,1
38367.79,3.0,16677.15,11583.97,518,52.6,43.2,-0.596,1
121311.04,8.2,44964.83,51466.39,730,92.8,63.5,-0.048,0
46758.86,15.4,15827.65,8012.36,668,85.5,23.4,-0.915,0
42685.53,4.4,2770.57,19790.58,850,84.0,12.1,0.325,0
70637.22,2.7,8812.02,6841.33,838,100.0,44.9,-0.536,0
19730.47,5.7,699.73,1000.0,554,80.2,42.1,-0.683,0
35073.67,3.9,9683.16,10607.15,709,92.1,9.7,0.092,0
92928.91,5.4,17755.82,14024.79,793,68.9,31.5,0.363,0
20835.59,4.8,2088.3,7421.61,446,62.7,45.8,-0.142,0
100174.19,4.9,5198.87,40329.67,729,75.6,40.5,0.048,0
124383.54,0.6,25744.15,9502.42,812,79.6,49.6,0.617,0
44214.12,2.9,21881.45,17527.22,686,91.7,21.6,-0.333,0
63608.16,2.7,13721.23,25753.95,718,68.6,6.6,-0.344,0
100257.57,2.7,39414.24,30688.9,798,100.0,16.7,0.38,0
41909.42,6.7,9384.84,19768.91,689,70.5,52.3,0.079,0
87314.91,1.6,49908.63,24708.86,566,82.8,55.7,0.499,0
37453.98,0.6,20228.58,19280.16,485,84.2,31.6,-0.454,1
41660.92,2.6,13839.26,8620.03,603,88.2,65.3,-0.626,0
34904.29,2.2,5758.06,2662.6,713,90.3,31.8,-0.502,0
65411.67,4.5,26875.46,24699.92,730,100.0,24.8,0.247,0
102424.68,2.2,49321.9,22906.16,733,75.6,6.8,0.42,0
48958.97,3.5,5994.42,1118.44,849,88.4,33.5,0.375,0
26925.07,3.1,5844.32,3003.39,623,82.8,56.2,0.194,0
29867.05,9.9,11033.98,20565.53,562,97.8,60.4,0.438,1
67307.68,2.2,22265.17,34430.48,629,90.3,56.4,-0.213,0
149382.29,6.5,73158.19,85582.6,716,87.1,45.0,-0.695,0
67275.32,4.0,35789.2,26899.71,613,63.1,66.9,-0.566,1
43792.02,8.3,22188.81,10919.26,610,77.7,15.6,-0.509,0
82569.96,12.0,61952.0,32960.81,473,70.3,58.7,-0.677,1
47490.06,4.0,17551.43,9832.77,574,77.7,40.6,-0.476,1
43999.92,0.9,2878.72,15880.71,679,72.4,39.2,-0.324,0
31979.41,1.6,0.0,11080.25,743,76.7,6.5,0.212,0
117553.27,1.3,79022.14,50115.49,578,78.2,41.8,0.103,0
13405.71,3.0,3389.15,5079.06,456,78.5,58.1,0.528,1
84021.04,2.6,17216.88,21249.05,726,79.9,0.0,-0.434,0
41979.65,5.0,25119.53,1000.0,487,71.0,50.9,0.131,1
43230.98,7.9,8099.26,8383.13,739,84.5,0.0,0.461,0
137416.72,0.8,35263.26,50658.19,703,71.4,6.7,-0.179,0
36578.94,4.3,19670.07,2076.35,549,75.6,33.1,-0.156,0
37270.67,2.3,16661.41,11066.83,679,83.3,66.7,0.484,1
50427.06,4.4,21916.86,19192.87,533,47.9,32.4,-0.125,1
68024.01,3.0,25613.83,22633.01,726,100.0,44.4,0.502,0
42488.1,7.0,16433.98,16361.1,594,91.3,16.8,-0.519,0
22796.85,1.7,7617.27,10167.18,647,88.5,31.1,0.567,1
33653.29,2.4,14086.46,17599.0,526,76.7,33.9,0.44,1
109615.45,3.8,44899.51,33747.91,746,85.3,67.6,-0.335,0
56450.94,3.2,18095.72,18247.18,757,67.1,20.1,-0.108,0
69431.64,3.8,15958.83,15111.41,716,90.9,21.8,-0.434,0
46920.89,1.0,2986.94,27854.5,608,60.4,56.5,-0.173,1
37694.76,10.8,3599.47,12207.36,682,66.2,30.1,-0.547,0
136306.76,2.8,58739.44,23658.99,606,74.1,37.3,-0.623,0
48849.26,1.8,1981.75,9329.88,802,100.0,43.7,-0.439,0
42452.73,3.8,11843.79,15890.83,609,68.6,22.3,0.363,0
99000.31,4.3,13906.71,35192.98,836,88.7,0.0,-0.651,0
36413.75,14.0,10898.73,7095.07,482,55.1,56.5,0.48,0
39061.79,8.7,5942.18,13472.86,714,84.3,37.3,0.32,0
54482.55,3.2,10602.06,25432.33,850,100.0,9.5,0.461,0
54184.41,12.4,15616.41,2925.96,674,91.0,50.6,0.121,0
62491.53,10.8,9878.06,22992.82,574,55.0,75.2,0.577,0
171170.94,1.8,48067.02,27577.85,833,84.6,58.9,-0.502,1
65181.86,16.2,26919.43,32216.13,572,77.5,76.6,0.479,0
14648.16,2.8,2007.18,7672.66,675,100.0,10.4,1.0,0
64826.15,4.7,34925.06,21315.46,559,82.6,40.0,-0.092,0
55316.91,9.7,14570.57,11177.24,576,63.8,42.1,-0.019,0
55486.64,0.8,21758.22,11847.74,666,82.1,32.7,-0.322,0
62023.65,3.8,21255.02,25956.78,610,74.3,28.4,0.023,0
53328.54,5.2,18512.11,22163.8,517,53.8,0.0,0.065,1
52631.15,8.5,519.29,26642.95,747,81.6,68.8,-0.827,0
75900.18,4.1,32578.84,20552.24,850,84.1,2.7,0.214,0
40209.38,0.8,3999.42,9640.15,792,89.3,53.1,0.388,0
32169.45,13.9,13981.51,14632.06,615,98.2,35.2,-0.308,0
285809.22,4.3,19875.29,81337.37,850,80.1,34.4,-0.149,0
36544.22,5.4,6606.28,23754.94,525,63.0,30.9,0.297,1
57244.03,1.1,25611.75,14854.13,635,72.3,39.0,-0.325,0
23798.71,10.5,5093.35,12394.14,669,83.7,47.8,0.26,0
57760.34,2.9,18941.37,22953.35,631,100.0,54.0,0.1,0
32426.33,2.3,13168.52,1000.0,610,84.1,32.5,0.817,0
42473.68,9.0,6259.94,5612.57,700,82.1,10.9,-0.045,0
96257.83,1.2,45379.6,7678.48,663,80.7,10.2,-0.187,0
70235.23,5.4,25006.2,27161.31,684,83.9,55.8,0.086,0
74059.58,2.2,11957.24,16707.34,685,100.0,29.6,0.04,0
20452.03,5.9,6079.17,1000.0,543,82.8,14.5,0.571,0
148790.17,7.0,53193.31,27787.41,763,80.3,20.2,0.553,0
28126.44,2.8,2042.44,5000.26,576,84.5,33.1,-0.255,0
125581.28,10.1,7488.3,31704.23,832,74.5,9.3,-0.067,0
95020.61,4.3,25545.02,20730.3,589,62.1,34.4,-0.243,0
74423.94,14.1,10208.74,12321.53,634,59.6,60.1,-0.305,1
33852.17,9.1,8279.35,20860.94,657,73.8,32.6,-1.0,0
58886.93,4.6,12343.16,33777.39,803,100.0,0.0,0.591,0
41814.28,4.6,13798.66,10772.56,655,100.0,52.4,-0.235,0
55048.6,1.3,8174.69,11026.74,632,68.4,57.2,-0.156,0
47219.88,9.0,3836.9,9167.34,722,81.8,58.3,0.97,0
17654.82,2.6,7930.55,9044.39,482,85.8,36.2,-0.224,1
100406.41,5.0,25065.05,26662.55,637,73.9,81.6,-0.064,1
51812.73,14.0,10872.2,24228.26,761,100.0,49.7,0.094,0
41496.31,10.0,17279.95,24682.47,557,94.7,94.8,0.118,0
39807.87,1.9,2012.2,11067.0,816,89.1,62.0,-0.217,0
65983.02,4.3,40283.88,14235.75,531,85.0,59.0,0.393,1
33137.94,5.4,1270.02,13922.11,711,62.1,22.5,0.056,1
15672.35,10.8,9605.01,15456.32,513,100.0,16.0,0.039,0
67773.15,9.7,4332.69,4511.66,823,92.1,37.3,-0.236,0
72078.18,6.4,30417.16,31110.4,696,89.7,31.1,-0.046,0
48542.86,6.0,21509.06,11410.71,633,73.7,24.2,0.341,0
28815.06,4.2,10682.68,7281.35,652,74.9,32.4,0.342,1
56892.26,5.3,20022.99,9934.09,637,90.9,31.0,-0.15,0
24209.66,3.5,2474.61,14957.69,817,99.4,22.2,-0.271,0
30792.4,7.5,7401.53,1000.0,659,100.0,48.1,0.307,0
35850.62,6.2,11899.93,13604.11,515,73.7,20.0,0.105,0
86177.68,8.7,15481.55,36049.7,787,81.8,34.1,0.307,0
44380.88,8.6,26654.86,16348.56,523,54.7,10.7,-0.339,1
42347.87,2.6,18057.27,13269.55,540,49.5,37.0,-0.008,1
158749.2,0.4,51005.85,16799.95,767,91.3,39.0,0.308,0
65765.74,2.4,425.0,23648.81,720,72.1,15.8,-0.249,0
65280.39,5.2,7795.73,10242.4,649,56.4,36.4,0.661,1
44208.16,3.5,4600.63,16497.1,691,67.7,33.0,0.571,0
39026.48,3.4,14347.82,3344.23,624,88.8,25.8,-0.071,0
16276.48,2.3,5342.33,6834.2,497,89.4,26.0,-0.069,0
92300.73,5.8,6190.83,30479.05,724,61.1,44.0,0.112,0
69325.66,0.8,17967.07,38376.44,697,100.0,35.6,0.059,0
49092.36,6.4,17129.94,23856.97,568,74.3,54.2,0.425,1
50237.92,6.5,12933.01,12417.04,752,87.8,14.3,-0.308,0
81216.96,8.6,11088.97,30905.01,732,84.5,31.2,-0.305,0
23038.21,25.3,12174.55,5044.61,529,83.8,22.7,0.095,0
39166.04,0.4,858.13,6700.96,661,70.9,36.2,0.173,0
28999.49,6.3,9527.74,1549.39,611,83.7,40.4,-0.013,0
143534.41,7.1,63189.27,65270.88,715,87.8,11.4,0.313,0
87694.16,2.4,9120.86,41718.41,759,81.2,46.9,0.479,1
16131.34,3.7,3989.11,10235.78,480,85.4,78.3,0.262,0
23562.96,2.9,5284.97,1000.0,679,99.4,38.4,0.13,0
50372.96,6.5,12056.19,6144.12,597,77.4,17.6,-0.076,0
41779.37,9.3,24665.66,13328.74,575,93.1,29.2,0.026,0
26149.62,1.5,10647.77,8329.72,466,81.1,28.5,-0.478,0
157884.53,5.8,29111.38,54306.28,848,100.0,21.7,-0.416,0
64337.44,10.6,6777.01,32780.14,681,64.3,49.5,0.441,0
70343.73,2.5,13436.09,16296.92,850,100.0,0.0,0.614,0
37026.6,2.0,10519.55,8199.28,497,76.6,40.4,-0.478,0
80599.75,1.8,9373.08,39757.67,666,100.0,60.8,0.191,0
43947.98,2.1,12531.37,16147.08,731,90.1,59.5,-0.534,0
46358.56,13.8,0.0,26166.15,771,95.9,55.5,0.577,0
75814.97,16.0,22318.75,32747.06,674,81.7,21.8,-0.006,0
22115.88,11.5,6167.78,8267.26,580,93.5,64.2,0.882,0
130400.44,3.4,75089.4,57909.02,654,93.5,42.3,-0.223,0
59892.95,11.8,10104.24,31000.66,683,82.0,63.5,-0.178,0
109591.96,1.7,38108.51,53191.0,754,94.7,56.6,0.14,0
29987.0,7.6,12564.96,6140.08,357,36.9,41.3,0.316,1
32606.25,2.7,13197.85,9803.28,569,75.0,30.1,0.284,1
28594.08,1.5,8190.13,10826.66,535,84.3,82.3,0.341,1
62172.23,5.7,14734.95,8146.55,763,91.0,0.0,-0.079,0
56178.58,5.8,23786.12,34372.48,724,97.6,31.5,0.345,0
41964.26,6.2,9129.51,22412.76,748,80.5,6.9,0.778,0
31016.11,6.7,7575.77,8467.31,698,78.5,37.3,0.28,1
26994.06,5.5,2494.98,18668.12,601,96.2,42.1,-0.286,0
52750.78,4.0,31583.26,9839.49,646,100.0,22.1,0.149,0
41937.15,4.6,18248.34,29251.45,687,94.4,23.6,-0.685,0
37157.32,7.7,5197.39,13353.32,688,81.9,8.6,0.246,1
126867.59,5.4,37286.96,53505.83,797,100.0,44.0,-0.584,0
51778.01,3.0,20429.38,27791.81,736,85.1,25.7,0.251,1
108936.85,2.4,49904.21,41973.3,673,87.0,43.4,-0.014,0
40405.1,4.5,18530.31,24173.93,721,100.0,24.5,0.352,1
61983.71,10.6,20354.06,8566.33,717,100.0,39.9,0.017,0
52548.31,6.8,2141.53,23406.49,799,93.9,49.8,0.495,0
21296.71,10.9,5864.28,5126.56,572,71.4,44.6,0.2,1
118846.27,3.4,31158.93,25002.66,696,85.6,39.2,0.386,0
50295.23,5.1,10443.57,24059.51,746,91.2,32.9,-0.134,0
81677.19,5.6,35766.02,38034.5,676,100.0,44.5,-0.153,0
35824.39,8.0,11554.21,22302.64,736,100.0,22.9,-0.488,0
49480.58,3.4,22564.66,12246.52,570,75.6,31.1,-0.398,1
33631.93,6.8,19448.66,1000.0,539,95.9,41.9,0.034,1
106916.04,10.2,28640.21,39822.82,663,72.6,65.7,0.023,0
64297.44,4.1,22725.85,28245.75,677,82.3,22.8,0.141,0
66295.64,2.1,23620.92,36828.01,696,71.9,17.3,-0.241,1
114347.95,10.4,5779.71,55974.47,850,100.0,40.7,0.06,0
102333.02,7.2,19986.55,31941.15,850,87.3,59.1,0.471,0
82531.75,1.2,11867.75,35668.91,735,88.1,51.2,0.152,0
24786.39,4.2,10156.93,1000.0,507,84.7,35.4,0.014,0
36952.05,14.4,16021.03,14945.03,577,89.3,59.5,0.1,1
31190.27,6.4,7883.49,14109.81,706,89.7,0.0,0.435,0
80833.24,4.5,1218.09,15472.73,694,74.4,55.2,0.061,0
59507.56,1.9,34878.44,17507.14,616,60.4,28.7,-0.182,1
25215.6,1.9,7533.56,12980.98,516,65.4,47.6,-0.178,1
48834.42,7.6,21730.7,5308.37,606,61.5,55.2,-0.19,0
23818.98,2.0,12517.33,1000.0,612,86.7,38.9,-0.199,1
52615.39,5.7,38861.97,22666.02,519,72.6,36.4,0.276,1
21797.38,4.1,6081.59,12632.19,638,97.7,27.2,0.595,0
72464.72,5.4,51962.81,23302.74,477,87.4,68.8,-0.143,1
66694.61,3.9,14871.36,10368.83,604,58.3,41.9,-0.316,1
154719.9,6.2,4395.22,60758.94,801,78.3,39.4,-0.445,0
86364.35,8.6,32871.86,6550.59,533,54.3,65.2,0.604,1
42933.05,3.9,30606.79,10418.7,488,68.0,24.9,0.338,0
84960.23,8.1,1692.72,5192.22,820,77.1,30.0,-0.238,0
25116.62,11.3,3359.49,8259.85,557,70.8,53.7,0.049,1
31908.89,5.6,18512.92,10264.43,507,100.0,70.5,0.491,1
65070.62,7.5,36589.44,7483.14,593,94.5,35.9,-0.022,0
16530.5,1.5,238.09,7377.04,744,79.4,42.7,0.302,1
53080.32,4.0,26945.38,23565.1,548,100.0,3.2,-0.055,0
30910.62,1.1,9778.75,10303.94,693,70.4,60.6,-0.103,1
57280.69,2.9,11455.11,10046.67,764,79.3,13.3,-0.927,0
29948.81,4.0,8313.02,14467.51,512,96.0,24.2,-0.142,0
68414.25,15.2,18940.79,31233.32,643,68.4,38.8,-0.188,0
54755.33,2.4,14530.79,19075.08,760,93.6,22.0,0.182,0
117031.83,4.4,5380.36,32161.95,849,88.1,0.0,0.087,0
54377.4,2.0,17100.77,21678.31,700,92.2,10.3,0.069,0
35498.53,3.8,15575.02,16394.49,771,100.0,37.0,0.333,0
47297.5,6.3,4731.15,20172.97,700,90.4,64.9,-0.818,0
25865.62,7.0,5349.42,5251.4,560,85.8,63.3,-0.017,1
67736.16,3.4,1622.83,15361.96,788,63.0,42.6,-0.409,1
74938.09,2.7,17799.2,15800.49,641,86.9,38.1,-0.438,0
210672.03,12.2,18840.44,48489.78,850,77.3,51.0,-0.102,0
38483.71,3.2,4102.76,7540.4,717,82.3,61.5,0.008,0
46756.71,0.5,6210.07,20623.52,841,77.4,37.3,0.176,0
39471.45,10.2,17464.71,6527.47,624,90.9,38.0,0.153,0
60880.15,0.7,28995.53,20476.49,563,70.1,39.1,-0.289,0
66831.5,10.2,38043.96,36133.86,589,87.0,55.2,-0.069,1
52609.07,1.1,27797.02,26129.83,738,69.4,7.6,0.503,0
98467.25,1.3,22515.63,17040.45,693,58.8,35.3,0.565,1
38586.64,1.7,8514.45,20156.97,633,79.2,43.0,-0.107,0
93190.0,3.0,51251.88,25445.77,691,90.5,0.0,0.032,0
72851.17,10.3,36261.93,6782.93,602,73.1,53.3,-0.314,0
53819.09,1.8,8422.68,17374.17,683,85.9,56.5,0.36,0
45559.97,6.3,28922.04,3681.82,507,78.9,0.0,0.811,1
205801.47,5.3,26633.6,90585.52,800,69.5,26.7,-0.187,0
34566.67,4.7,18336.63,6827.04,527,91.8,27.4,0.412,0
63822.64,9.0,29664.07,28772.21,620,74.9,17.2,0.258,1
35860.06,5.0,13941.69,1000.0,598,89.2,20.0,-0.059,0
144652.76,5.3,29781.17,75230.06,750,63.6,24.6,-0.244,0
88234.6,7.4,11905.16,9644.95,770,85.9,47.2,0.867,0
37305.93,3.1,7920.6,16601.04,687,92.7,59.9,0.268,0
71820.64,4.4,26504.08,6157.97,625,88.9,46.0,0.336,0
62425.72,5.6,15349.07,31462.2,850,96.5,16.7,-0.074,0
40776.3,8.4,4555.75,15110.15,776,93.0,50.8,0.021,0
82206.55,4.0,14803.36,27127.19,793,88.2,47.1,-0.426,0
67111.99,4.3,14652.92,8639.8,839,95.8,0.0,0.266,0
61000.31,6.2,5963.84,22592.94,661,78.8,59.8,-0.131,0
52941.57,4.0,26097.63,17700.1,587,91.3,37.7,-0.359,1
68670.84,2.4,34553.14,19865.1,592,84.3,38.4,-0.299,0
61461.31,7.4,17958.78,19106.82,707,100.0,0.1,0.844,0
55966.09,5.0,16148.06,29415.43,640,87.8,67.3,-0.104,0
38079.88,3.3,15622.46,28966.77,691,66.0,41.7,0.129,1
137526.44,1.7,77067.83,46908.77,679,87.5,50.5,-0.418,0
30402.16,0.7,10288.82,1000.0,710,70.7,8.5,-0.066,0
68541.86,6.4,16777.69,12627.98,812,94.2,45.2,-0.48,0
45427.26,2.4,5978.73,15978.71,672,94.5,45.6,0.13,0
142593.19,1.0,90920.76,77198.04,635,75.5,31.9,-0.319,0
32961.14,2.2,5273.21,7036.7,632,69.5,9.1,0.279,0
36156.25,5.6,7085.4,12649.54,729,85.9,33.8,-0.626,0
31780.24,2.4,18957.32,3279.31,533,71.3,15.9,-0.221,1
64725.19,5.7,9170.78,18144.8,820,72.3,21.0,0.412,0
25458.94,2.8,11196.43,11220.38,521,76.9,58.2,0.537,1
41639.7,4.4,14976.17,19723.38,701,92.7,36.7,0.002,0
16584.09,4.7,891.59,3419.25,549,63.2,33.4,-0.136,1
61835.43,7.2,12050.97,19761.39,651,73.4,11.5,0.041,0
41145.99,7.3,3045.23,7103.21,806,100.0,34.1,0.718,0
23898.45,4.5,4106.3,6473.09,697,100.0,32.0,-0.094,0
98428.45,2.0,10349.58,50660.93,850,100.0,15.4,0.001,0
26391.13,9.7,4205.61,5046.17,684,84.6,56.7,-0.369,1
83978.75,3.2,52149.83,17758.63,637,94.5,55.7,-0.237,1
36843.24,0.3,10733.66,19403.46,706,78.6,19.5,0.154,0
130726.71,5.5,49113.56,63782.33,677,46.1,42.9,0.313,1
81818.02,5.6,15410.35,30997.66,761,76.0,0.0,0.106,0
31118.99,3.3,15742.21,11561.7,483,77.4,41.4,0.291,1
32715.51,1.1,1548.82,21749.55,849,84.4,50.6,-0.35,0
75586.95,0.9,8159.49,35176.26,849,90.8,12.5,-0.385,0
46896.2,3.5,5793.58,21358.67,788,100.0,35.3,0.278,0
49358.32,1.8,11715.08,14041.55,617,84.4,37.6,-0.167,0
109068.5,8.4,50783.43,27476.36,600,70.0,92.8,-0.411,1
35890.26,3.4,8840.61,6599.87,615,81.3,86.6,0.071,1
56966.1,3.1,14319.26,27949.76,656,93.0,41.4,0.03,0
91587.06,14.2,16859.42,37434.34,797,82.4,21.7,-0.066,0
84542.92,0.4,27584.88,12527.4,654,72.8,39.9,0.555,1
49623.16,4.3,2058.49,25913.25,625,91.3,57.5,0.656,0
46216.94,0.7,21402.97,15712.01,550,68.0,1.5,0.336,1
20819.63,10.4,11110.37,9984.36,528,71.7,0.0,0.15,1
30304.92,1.0,6968.31,16349.77,614,89.8,12.1,0.483,0
64543.69,5.8,20117.0,18724.01,772,73.0,50.2,0.055,0
50219.81,5.2,5875.33,7672.34,730,79.1,51.4,-0.068,0
56455.61,0.7,12323.92,22761.77,850,84.2,43.8,-0.204,0
95950.67,5.8,43269.16,16861.61,597,83.4,57.2,-0.274,1
28197.04,2.8,11109.98,16171.95,461,70.5,31.4,0.325,1
47576.81,6.6,30775.03,15584.94,546,88.6,29.6,-0.526,0
60101.56,2.7,19586.91,30335.62,547,71.2,42.7,-0.208,0
36780.09,5.8,6287.21,16355.9,670,100.0,69.2,-0.124,0
119051.61,4.0,29008.55,19073.09,848,78.4,43.2,-0.493,0
89296.96,5.8,30561.41,16806.11,721,92.5,33.1,-0.137,0
63549.43,6.6,13839.54,28046.15,663,94.3,43.1,0.033,0
145339.47,3.7,34566.48,37952.61,773,79.0,63.5,0.36,1
23756.41,3.2,440.2,11457.72,748,70.5,27.8,-0.177,0
53946.63,6.4,5942.11,11922.26,686,94.2,26.0,0.035,0
66269.52,2.8,13545.61,21593.41,592,64.1,25.5,-0.523,0
32761.02,3.7,6026.74,6901.1,603,66.2,51.3,-0.426,1
63920.35,11.7,40281.36,28823.47,584,92.5,19.4,-0.666,0
29477.41,4.4,9481.63,10496.72,576,81.2,47.8,0.343,1
79205.94,7.3,36932.2,38280.39,723,74.1,5.6,-0.115,0
96936.28,2.5,16343.79,29259.53,740,77.0,29.8,0.077,0
62930.32,5.8,20313.01,30459.95,677,72.9,33.8,0.183,0
19554.51,3.8,9194.31,9560.82,556,100.0,70.8,0.283,1
31833.15,3.3,13509.19,6910.39,548,98.3,54.4,0.702,0
73909.05,0.7,5220.42,17560.82,681,72.5,27.9,-0.014,0
54811.72,1.8,5445.33,17083.41,817,79.6,24.6,-0.249,0
12311.62,14.8,6045.47,5109.63,498,92.4,21.5,0.244,0
107318.54,4.0,48325.15,43147.02,687,70.3,12.6,0.827,0
58405.25,4.4,15233.6,9456.68,641,76.2,67.3,-0.189,0
34527.42,8.2,14390.91,22209.39,587,79.8,19.9,-0.278,1
93641.19,5.4,22016.48,35313.93,695,71.7,69.4,-0.894,0
37322.55,3.3,8527.88,7063.69,633,99.3,37.0,-0.723,0
37099.22,3.3,3200.53,7752.65,712,74.0,33.4,0.497,0
65979.14,1.7,45970.47,30913.31,476,82.4,37.0,-0.061,1
144288.66,6.1,30732.66,20735.83,850,85.6,59.2,-0.398,0
132319.26,6.3,4701.36,60519.41,850,100.0,17.9,0.001,0
66028.47,4.4,10810.96,35748.49,747,82.8,45.2,0.91,0
69864.44,3.9,1139.87,11027.43,782,100.0,34.2,0.001,0
83727.64,6.3,13110.06,15829.27,804,78.9,43.1,0.67,0
27137.15,1.6,11849.06,11434.48,519,80.9,30.9,-0.328,1
77209.79,5.6,22889.04,22297.66,790,97.1,27.8,0.511,0
36179.92,12.2,5224.06,15086.59,709,100.0,45.5,-0.196,0
64547.9,2.6,22182.53,29692.83,564,80.3,7.4,-0.269,1
47805.35,3.6,16204.09,15031.68,765,100.0,62.9,-0.329,0
71372.26,10.1,33000.13,7814.68,697,95.9,37.2,-0.113,0
57812.3,4.5,33187.6,17389.26,542,73.3,24.0,0.342,0
12000.0,7.7,2652.49,6003.85,632,83.7,42.4,-0.169,1
59777.85,5.8,3802.65,13382.7,781,83.4,21.1,0.374,0
77125.11,6.2,14588.87,22292.88,770,69.6,36.6,-0.251,0
69234.92,2.4,12309.7,12361.03,636,86.3,36.7,-0.029,0
51204.25,2.4,19422.52,9208.42,597,85.1,60.2,-0.186,0
133677.96,7.0,50684.07,49576.85,734,89.2,40.6,0.634,0
64296.16,1.2,17075.48,19313.29,657,85.0,12.6,0.181,1
68921.28,3.7,0.0,27504.9,713,74.7,46.6,0.099,1
96227.51,6.3,5515.87,37582.37,850,100.0,49.4,-0.098,0
66133.2,3.6,21435.27,33087.86,717,87.0,2.8,-0.204,0
33060.36,3.9,10467.15,21294.57,678,100.0,11.2,-0.352,0
14170.45,8.0,922.37,1000.0,580,90.1,75.2,0.463,0
41671.95,10.9,11474.89,1000.0,741,100.0,28.4,-0.565,0
82332.4,18.7,12208.98,41095.31,716,73.1,28.8,-0.127,0
44613.73,10.3,2756.11,13813.04,740,82.8,34.3,0.309,1
84174.57,3.0,16659.44,21609.96,721,77.7,22.2,-0.586,0
58794.32,2.1,13564.29,11770.42,683,76.0,0.0,0.062,0
110022.08,3.1,28034.52,46739.18,652,87.7,12.6,-0.305,0
46056.81,6.4,16760.33,3826.38,638,80.6,22.2,0.009,0
70065.67,3.3,9116.87,12550.51,675,64.0,24.9,-0.059,0
71556.08,2.5,18608.19,27921.32,740,79.8,19.6,-0.789,0
123732.97,11.8,30124.96,54225.76,850,78.6,5.2,0.223,0
21191.37,3.2,8213.2,1000.0,608,96.3,23.9,-0.346,0
42103.05,6.0,17743.81,16320.84,552,63.7,57.3,-0.192,1
86394.89,5.9,4111.95,27897.4,764,76.8,21.6,0.018,0
126784.37,0.7,44022.18,41385.54,731,73.5,31.4,0.131,0
61823.53,11.3,22815.01,7567.12,662,94.4,63.9,0.157,0
46120.5,1.6,13509.82,8290.27,594,76.4,21.3,0.277,0
82159.28,1.1,32898.24,15688.52,594,98.6,96.1,-0.864,0
87359.45,2.9,34901.97,45120.8,700,83.3,52.8,0.169,0
44452.93,2.1,8524.75,8042.12,665,90.9,36.5,0.004,0
64969.23,10.1,5296.64,33527.16,789,99.5,30.0,-0.194,0
103703.38,5.3,25337.27,16062.11,759,67.2,61.8,0.092,0
153238.75,2.7,51613.61,42893.0,850,80.5,21.1,0.322,0
81506.07,1.0,22772.02,29088.49,680,89.9,26.3,-0.307,0
55507.66,5.8,16480.06,20950.08,712,86.8,67.1,0.491,0
52588.81,3.5,8800.67,13458.3,571,65.8,27.5,0.401,1
73612.35,6.4,15579.61,14085.59,727,93.8,25.7,0.13,0
50837.01,5.3,3765.14,21336.07,697,84.7,21.8,-0.428,0
60132.29,2.2,12114.64,10320.37,726,85.8,0.0,0.754,0
30277.74,6.9,6386.01,15535.57,620,80.9,55.3,0.1,0
110567.5,1.4,46201.93,59658.12,487,39.5,34.1,0.052,1
28937.64,3.4,11978.88,2875.26,545,91.6,56.4,0.04,0
42716.41,3.7,13968.88,20749.95,610,92.2,31.6,0.193,0
57163.81,4.1,0.0,1322.15,793,78.1,26.6,0.324,0
161949.98,1.3,13469.05,78493.32,825,63.2,21.7,-0.009,0
42938.51,9.8,18291.69,18825.85,621,76.5,48.7,-0.435,1
37559.86,2.2,4335.66,15310.76,638,97.9,18.9,0.362,0
40016.64,0.8,16670.97,20349.91,666,78.3,42.7,-0.285,1
134914.08,5.5,43643.01,64406.52,822,84.3,35.8,-0.352,0
12000.0,14.6,648.52,1000.0,606,79.3,14.1,-0.022,0
31210.01,0.7,2359.22,1882.48,693,88.4,26.0,-0.16,0
243338.51,8.1,119310.68,18031.64,720,65.6,35.2,0.133,0
74980.63,4.4,13919.41,22674.34,807,81.2,28.8,0.2,0
29487.1,1.3,7155.84,4469.09,489,99.3,72.9,-0.165,0
52941.62,3.7,5673.65,16821.9,671,71.2,39.7,0.042,0
56224.06,12.3,14496.56,21276.38,698,80.2,31.1,-0.17,0
86281.36,10.5,14232.2,25858.76,822,98.7,27.7,0.268,0
149003.65,21.1,33261.21,8292.04,840,94.5,30.4,0.172,0
67084.17,7.2,19664.22,15116.53,653,90.3,22.8,0.251,0
40260.11,2.9,20757.84,20808.52,568,89.4,18.5,-0.099,0
83524.6,8.0,12449.85,21127.84,759,89.2,47.0,0.09,0
36899.79,2.4,10901.93,1104.07,537,80.8,65.8,0.179,1
30689.15,4.0,15364.01,1000.0,669,99.4,26.0,0.262,1
20579.49,2.4,8563.42,9633.75,484,77.4,43.6,0.232,1
22906.58,7.1,4271.97,9815.67,563,70.1,21.7,-0.043,0
33088.97,6.7,5638.45,14815.53,712,64.6,37.1,-0.402,1
28345.27,2.6,13435.83,3347.29,581,75.4,8.8,0.176,1
64362.09,9.3,27990.7,3462.53,643,75.2,17.9,0.158,0
28010.34,11.3,15779.98,7251.7,502,74.0,17.2,-0.385,0
12000.0,2.9,1380.67,5648.97,501,67.5,32.1,0.296,0
30511.18,5.9,1194.11,14997.35,705,89.2,11.6,0.055,0
41792.71,11.8,13146.97,8716.17,611,70.7,0.0,-0.045,0
38832.11,5.5,10081.07,27920.1,688,91.7,7.6,0.075,0
124958.7,3.4,64503.23,40060.55,617,94.1,31.5,0.326,0
38659.65,4.1,21058.22,21426.97,672,100.0,19.1,0.545,0
87948.61,2.9,20687.21,7049.32,696,77.6,23.4,-0.019,0
53613.68,9.5,11829.34,15341.15,723,81.8,40.3,-0.081,0
52930.36,8.7,10778.84,18462.86,661,73.6,18.6,0.213,0
34219.15,2.3,19908.18,10715.37,511,67.6,33.4,-0.469,1
52452.83,2.7,12144.14,25994.5,542,78.1,77.7,0.302,1
35567.84,1.1,8040.29,16743.08,589,73.1,27.4,-0.474,0
59487.02,6.4,14892.73,2451.59,633,67.4,30.9,-0.481,0
47575.0,1.6,8804.06,9591.4,724,87.3,42.6,0.544,0
32223.61,16.0,4616.0,9657.69,621,69.0,18.6,-0.729,1
93483.65,2.1,26787.88,45616.14,850,91.9,23.2,0.458,0
68511.87,0.6,21495.33,17958.62,729,96.0,33.1,0.546,0
42343.3,1.5,3986.28,1000.0,681,71.9,38.9,0.119,1
58689.8,5.4,22179.03,16853.29,640,100.0,16.4,0.212,0
51735.4,4.0,6685.99,8087.12,755,89.6,46.2,-0.551,0
33618.27,2.1,6152.99,12851.13,713,83.0,65.9,-0.172,0
56318.19,3.9,12066.04,8986.26,616,59.1,0.0,0.125,0
38501.16,2.6,4804.18,22380.45,586,60.0,42.8,0.115,0
32218.19,6.3,6478.59,11704.86,693,100.0,33.2,0.156,1
22191.8,1.7,4799.49,12127.67,644,100.0,29.1,0.115,0
44478.71,4.8,13344.63,14741.47,640,100.0,41.5,0.007,0
74001.0,5.0,18839.17,30053.3,764,100.0,62.6,-0.428,0
36972.78,4.1,16862.41,14201.58,694,100.0,40.1,0.123,0
216726.13,5.8,39642.44,19580.51,843,87.3,54.2,-0.398,0
88179.26,3.8,30126.24,47888.49,677,91.8,34.2,-0.128,0
111010.67,7.1,42511.14,30214.75,631,74.4,42.3,0.487,0
83900.23,4.1,17006.16,18950.64,850,87.3,24.1,-0.548,0
150102.81,9.7,63919.95,45650.25,747,94.4,35.8,-0.044,0
35141.88,4.8,16571.4,16760.73,637,94.7,29.6,0.304,0
13247.9,9.3,2433.77,4942.05,507,82.2,37.1,0.224,0
42388.44,2.7,15613.11,11205.54,528,55.6,1.9,0.107,0
73645.64,1.8,38523.05,10088.59,666,62.8,12.7,-0.237,1
58884.57,7.1,27373.21,8914.92,579,90.7,58.8,0.459,1
63039.07,4.2,35058.37,10437.16,502,76.9,62.9,-0.428,1
112027.59,0.4,63812.9,60572.25,742,93.3,0.4,0.243,0
66844.99,2.3,27560.98,16736.93,574,67.0,23.7,0.054,1
84069.75,5.4,52342.63,45026.03,696,100.0,20.0,-0.275,0
32313.5,3.9,19343.31,10597.71,434,70.9,40.1,-0.136,1
29659.37,2.2,19275.2,14884.34,531,100.0,33.3,0.634,1
131631.64,4.2,39728.51,68384.63,728,62.3,48.6,-0.407,0
57267.92,4.7,34387.62,16249.78,599,92.4,8.0,-0.616,0
38454.23,0.8,1333.59,9874.79,595,71.0,42.0,-0.223,0
38493.05,9.2,1760.47,2007.02,721,83.9,28.3,0.145,0
37910.46,10.6,6069.06,2424.63,716,99.1,20.3,0.498,0
36683.14,2.3,1932.96,16593.32,717,96.6,43.8,0.009,0
26749.44,14.3,4559.63,9961.47,623,72.5,30.1,-0.57,1
23736.49,3.9,9161.66,8985.11,540,75.4,33.0,0.033,0
48666.57,2.5,731.59,1395.75,739,62.0,61.7,0.3,1
39100.51,2.4,11196.62,13248.52,521,58.9,36.4,0.112,0
99602.01,13.7,69650.08,20579.43,522,72.3,73.9,0.173,1
63652.39,1.7,14630.8,7368.86,817,72.0,0.0,-0.655,0
62687.96,4.8,18904.06,4013.41,649,62.9,34.8,-0.47,1
36000.34,5.2,26579.27,10405.15,546,81.1,12.8,-0.047,0
50687.49,7.1,14454.97,23338.09,689,83.5,16.4,0.397,0
66075.32,4.5,10696.9,24469.71,805,83.8,21.9,-0.276,0
80330.74,13.0,42927.84,11272.77,577,72.8,53.5,0.072,0
51449.68,14.7,15419.23,24088.35,621,75.9,26.9,0.058,0
98077.97,11.1,19124.51,52620.86,802,79.6,12.2,-0.365,0
54414.95,5.6,16787.07,14964.52,713,95.4,48.2,-0.258,0
83789.75,8.1,377.62,34498.7,823,74.5,11.4,-0.009,0
41381.17,3.3,0.0,12138.74,593,60.5,68.4,-0.128,1
19991.78,9.4,8124.16,13437.38,609,79.5,9.2,0.287,0
62792.91,2.6,8855.45,2592.94,789,77.9,29.3,-0.147,0
80735.06,2.0,44855.27,37389.78,477,61.4,73.5,0.31,1
74342.72,1.9,18889.57,18607.18,816,78.4,28.5,-0.127,0
68336.73,6.4,12064.31,17776.03,768,71.6,43.5,0.008,0
44724.52,12.0,25462.34,13749.12,555,82.9,32.8,0.28,1
34762.33,12.6,2558.01,10863.85,707,89.9,35.0,-0.038,0
73383.22,0.4,14080.11,28464.61,776,76.5,18.6,-0.149,0
68497.06,8.5,29653.31,27396.16,656,91.2,44.1,-0.024,0
39795.36,1.8,13381.65,9758.69,786,79.7,61.5,0.313,1
99726.16,18.5,50837.58,43669.78,661,80.3,0.0,0.116,0
33337.03,1.3,17170.39,10114.82,673,79.7,16.5,-0.751,0
39303.24,0.8,4696.96,21039.2,680,81.3,23.9,-0.253,0
133256.87,8.6,17256.28,33021.32,780,64.7,17.3,-0.25,0
87353.65,3.2,19842.99,13170.33,608,58.4,47.9,0.204,1
44493.34,3.0,40306.18,14033.53,506,99.7,22.9,-0.671,0
63453.29,2.2,4546.28,26372.06,719,87.0,36.6,0.098,0
58990.74,2.6,6859.33,11872.29,682,76.4,64.8,0.223,1
12000.0,8.9,5705.76,7349.53,490,98.9,0.0,0.223,1
32906.96,1.9,14229.51,1000.0,476,100.0,41.3,-0.03,0
52682.28,3.8,12328.08,10122.42,625,63.0,32.5,-0.566,0
44527.56,1.7,2246.81,15672.92,840,83.5,32.6,-0.09,0
62063.07,4.6,11131.09,10763.03,791,93.3,16.9,0.516,0
100832.43,3.0,34997.76,41334.55,652,61.2,27.4,-0.209,1
45394.91,6.0,32656.11,24933.55,585,62.6,34.8,0.763,1
30281.43,6.6,9772.78,12593.64,536,97.3,31.3,0.284,0
64774.57,12.1,7721.44,18476.17,749,83.2,48.9,-0.05,0
45268.07,17.8,10399.98,12551.23,655,74.3,13.1,0.079,0
49720.13,2.5,17504.16,27675.39,614,61.0,7.1,0.131,1
46144.1,7.2,20860.17,15536.51,617,88.6,0.0,-0.202,0
185908.67,2.9,82663.37,80753.8,644,64.4,37.8,-0.145,1
15797.59,6.5,3690.32,6201.08,533,69.7,50.1,0.698,1
43757.41,6.3,7023.45,22554.01,679,70.6,11.5,0.522,0
54066.55,6.2,13740.87,10293.25,665,79.3,9.7,-0.132,0
35255.32,7.6,5815.06,14415.43,538,68.6,72.8,-0.273,0
88867.72,4.9,11341.03,36172.34,767,70.7,60.5,-0.558,0
84735.65,3.2,3894.32,48558.05,806,97.2,61.7,0.755,0
52771.94,4.7,22139.22,1000.0,558,86.4,42.0,0.359,0
46682.72,16.9,18870.18,24287.21,568,84.2,49.1,0.436,0
50941.02,2.7,13659.68,15148.36,722,90.1,29.3,-0.19,0
51142.31,3.4,18309.55,16188.42,615,69.2,6.5,-0.213,0
51890.7,2.3,8549.78,21961.95,773,89.1,7.5,-0.323,0
48854.44,0.7,13315.73,16544.77,850,90.0,35.1,-1.0,0
62245.85,4.1,3541.08,15716.58,765,69.7,53.5,-0.306,1
81982.95,6.8,49411.59,42310.08,635,92.4,31.7,0.112,0
27538.96,2.0,5767.49,7384.42,517,87.3,47.2,0.087,0
30398.08,10.9,22492.9,6884.79,523,87.7,33.2,-0.216,1
20708.82,5.9,5465.27,5489.98,635,100.0,41.1,0.229,1
87248.75,8.9,21983.12,42883.44,825,85.7,50.4,-0.236,0
62173.11,5.5,9406.57,14443.63,634,71.1,61.6,0.269,1
71531.78,3.8,198.94,9755.72,728,85.8,40.7,0.264,0
24680.68,3.2,1476.78,12492.92,737,84.2,73.8,0.287,1
144599.26,5.3,36701.51,63851.11,765,68.5,30.3,0.026,0
38759.53,5.7,13622.22,12622.85,583,55.7,61.5,-0.286,1
59427.55,2.9,21017.54,14357.46,570,83.1,46.7,-0.417,0
86674.2,3.7,25086.15,45312.42,721,97.2,0.0,-0.759,0
31481.68,14.8,14547.79,13470.72,548,97.3,63.3,0.265,0
40115.64,4.7,7394.96,15458.3,554,88.0,16.6,-0.59,0
59787.06,5.1,12329.84,25530.35,740,100.0,30.0,-0.047,0
260826.36,12.4,80675.11,149716.6,773,86.4,52.5,0.076,1
63934.77,5.8,26318.72,20090.01,664,81.2,20.1,-0.374,0
131071.55,4.3,70936.37,27460.77,683,86.9,33.6,-0.043,0
105147.59,8.7,0.0,33978.03,771,73.7,48.1,0.112,0
66330.53,7.4,7806.0,34350.49,750,66.3,18.6,-0.096,0
31443.34,5.2,3635.04,11566.32,661,70.3,30.3,0.161,0
97038.64,5.5,41546.86,11662.61,749,77.3,27.9,-0.156,0
23766.67,3.5,2528.25,14953.02,796,96.1,54.3,-0.097,0
130676.66,1.6,48216.21,62411.38,660,63.7,66.4,-0.311,1
60476.06,6.7,9885.86,21609.91,740,70.4,13.0,-0.047,0
12611.66,1.1,7044.57,6597.05,512,95.3,36.6,0.002,0
44923.74,1.7,17762.9,15054.01,759,79.0,24.5,-0.323,0
77627.06,3.7,24682.89,33017.72,608,81.2,35.6,0.15,0
47554.75,3.4,22942.42,26095.79,511,78.8,70.3,-0.863,1
80278.19,7.2,22704.67,8546.72,695,100.0,42.6,0.379,0
33944.66,8.5,16905.13,16102.36,567,91.8,23.7,-0.496,0
26415.59,16.2,9903.92,4769.42,605,87.5,7.6,0.364,0
52088.79,0.9,22271.08,31192.51,548,86.8,55.0,0.217,0
55125.14,6.1,7820.24,21290.43,781,89.7,25.8,0.354,0
44729.5,5.9,10644.32,18636.44,766,100.0,19.5,-0.394,0
106405.24,5.4,18879.7,43172.17,766,78.8,41.1,-0.071,0
33941.24,6.7,4414.92,14550.11,700,86.4,46.6,0.103,0
64359.58,7.7,2764.38,19105.45,850,84.4,27.6,0.15,0
56240.0,11.1,28687.93,14093.86,671,96.6,16.1,0.294,0
23012.81,5.5,2857.6,3491.37,598,100.0,62.4,0.228,1
26226.7,13.4,9190.64,14993.44,528,75.8,48.7,0.167,0
54532.44,5.6,23600.14,19578.64,580,90.3,54.7,0.172,0
161080.58,3.0,46959.55,60804.44,850,86.5,27.9,0.239,0
74503.28,5.2,19649.09,15580.09,653,64.5,18.4,0.007,0
20971.11,2.1,2253.0,3216.5,626,97.6,24.3,0.401,0
12000.0,2.2,3115.67,1666.41,535,100.0,4.5,-0.027,0
81079.02,3.9,47531.39,45831.51,619,95.5,28.3,-0.592,0
51384.02,3.5,13930.46,30083.01,630,75.2,21.5,0.436,0
101488.04,10.9,18819.99,38333.14,704,65.0,33.4,0.164,0
33376.43,3.9,12584.98,23734.24,679,93.0,36.0,-0.052,0
65684.41,1.9,17029.58,12275.13,644,68.9,36.8,0.04,0
86283.65,4.5,21676.11,9361.56,708,70.3,23.3,0.527,0
42357.26,5.5,3694.25,15687.71,800,86.9,11.2,0.035,0
42858.23,4.9,7894.51,17613.51,799,94.3,6.2,0.532,0
54934.37,1.8,14780.64,4133.1,627,79.3,38.9,0.165,1
73018.78,11.7,33800.14,14270.15,669,81.1,37.7,-0.127,0
53750.93,0.8,11360.58,19591.0,728,82.4,7.2,-0.458,0
92567.93,4.8,24595.11,5443.36,642,71.2,63.5,0.032,1
42021.46,1.7,5850.32,16089.48,741,78.7,51.7,0.46,1
26091.96,9.1,8075.7,1000.0,570,61.4,14.6,-0.199,1
160706.73,6.1,67294.39,81592.9,782,94.3,40.3,0.128,0
38849.54,5.5,11844.72,13469.25,669,100.0,32.3,0.537,0
39630.6,3.7,6828.91,8741.7,687,84.8,40.3,-0.621,0
52250.68,11.0,14372.14,2936.55,702,100.0,38.4,0.139,0
56215.6,3.7,17114.77,15585.59,641,80.3,48.4,0.194,0
43797.15,14.2,8354.48,17199.8,599,65.1,64.6,0.125,0
53659.37,2.2,551.64,7505.83,835,100.0,41.0,-0.596,0
53004.43,4.5,5085.57,11001.97,793,72.2,45.7,-0.266,0
59644.11,7.6,15503.14,23812.79,700,97.3,64.3,-0.73,0
14814.8,6.5,1277.52,3342.98,681,87.0,24.2,-0.461,0
152433.23,4.3,16773.65,22879.16,850,100.0,16.3,0.295,0
49960.67,0.9,14486.05,8468.95,742,83.1,48.4,-0.115,0
74558.73,5.1,9152.34,38053.78,845,67.7,10.5,0.287,0
25388.31,3.3,7410.87,5661.11,559,74.7,18.8,0.268,0
41812.47,2.7,5255.38,25360.64,612,100.0,65.1,-0.393,0
37429.94,7.9,13094.49,1000.0,614,88.5,0.6,0.059,0
121582.47,0.7,37793.86,59311.04,850,100.0,41.1,-0.555,0
39253.76,4.4,16065.98,2648.61,638,78.9,6.2,0.096,0
82202.75,0.2,3088.38,25707.89,754,94.0,43.2,0.148,0
37883.42,6.5,7897.13,13034.44,665,66.0,71.6,-0.08,1
42237.32,7.9,21963.33,25192.69,580,84.4,14.7,-0.589,0
47332.26,5.0,8320.96,1000.0,767,100.0,0.0,-0.521,0
109766.96,3.1,43076.37,12023.89,656,73.0,42.1,0.89,0
19160.02,10.9,3800.66,8716.43,631,74.3,22.4,0.217,1
26275.31,11.4,3879.92,8595.83,673,95.6,31.3,-0.098,0
18564.05,5.7,3091.19,7495.97,682,85.6,42.3,0.336,0
29788.39,12.6,10967.12,9609.51,640,100.0,46.3,0.515,0
34669.65,2.2,5584.62,7831.78,755,80.6,46.5,0.424,1
22293.16,4.1,14321.87,7268.37,516,85.0,34.5,-0.068,1
36178.44,0.4,22.43,7002.99,773,88.4,43.7,-0.117,0
17888.39,1.6,4781.46,6309.27,588,68.9,31.2,0.279,0
30949.32,1.5,14219.86,9712.73,525,65.8,28.4,-0.082,1
104844.25,6.5,0.0,11942.82,758,64.5,34.7,0.42,0
67641.26,1.7,34610.98,25323.52,527,37.7,46.5,0.039,1
60060.47,2.5,17523.08,19898.95,694,82.8,22.1,0.278,0
31209.31,2.8,8946.7,12663.99,654,65.8,39.3,0.364,1
23275.42,1.3,6288.95,8341.52,680,76.5,25.8,-0.455,0
28954.01,4.7,12532.04,10325.53,655,98.3,20.3,0.051,0
52904.02,5.4,15008.21,21732.44,675,70.8,56.0,0.402,0
87334.18,1.0,10117.8,38179.18,846,93.7,42.4,-0.282,0
88992.03,7.2,28560.13,38656.5,671,61.9,42.6,-0.192,0
76637.12,2.0,24664.76,15645.39,650,74.4,16.1,0.42,1
36110.67,2.8,998.09,6284.48,800,100.0,30.1,0.535,0
54912.84,6.2,7274.8,7167.6,731,78.0,47.0,-1.0,0
45399.74,2.8,8627.96,13929.83,760,100.0,42.4,0.42,0
48501.29,1.6,5821.89,15062.83,743,100.0,86.3,-0.814,0
166112.47,4.5,17716.25,86031.34,848,78.1,39.4,-0.022,0
20555.83,9.2,5578.27,9156.8,655,74.7,21.7,-0.485,0
47616.17,8.4,11914.37,13524.5,609,53.8,26.3,-0.192,1
105499.54,2.6,35584.13,52639.13,809,88.1,17.9,0.037,0
24191.57,1.9,11146.62,1000.0,568,89.3,22.1,0.186,0
38022.71,2.3,6789.85,4518.02,736,94.8,37.0,0.5,0
40498.85,8.5,24366.79,14951.61,560,100.0,25.7,-0.471,0
47915.32,2.2,5533.62,22288.52,622,69.6,61.7,0.405,1
22521.45,12.2,7617.89,16943.47,591,100.0,52.6,-0.097,0
75162.47,6.1,8646.51,5254.97,674,80.1,52.3,-0.09,0
78155.68,4.1,13681.34,12101.44,785,89.1,30.0,0.595,0
71654.16,2.6,30483.89,36785.49,579,83.1,53.3,0.295,1
33566.86,4.6,14297.05,12259.92,470,73.2,55.5,-0.589,1
56816.44,1.6,18404.48,2256.26,750,67.2,66.9,-0.027,1
33034.5,1.1,7329.37,9139.46,762,86.9,24.2,-0.262,0
45119.59,6.2,7293.97,12799.97,775,70.5,35.2,-0.152,1
177088.94,4.1,53323.43,56387.38,798,80.9,20.0,-0.046,0
57104.17,7.4,23688.8,30262.47,559,78.2,87.8,0.162,1
28193.88,5.3,5765.15,9224.84,658,78.9,31.0,-0.439,0
59825.33,2.5,21733.54,30121.35,595,58.8,60.5,-0.078,1
25758.3,8.4,1850.54,7601.15,541,39.7,38.1,-0.138,0
28016.37,2.8,14022.92,12942.3,507,95.7,52.6,0.134,0
30558.01,10.1,4782.68,1000.0,737,99.8,34.7,-0.019,0
42430.8,2.7,10734.82,1000.0,444,48.1,53.5,0.328,0
90701.84,1.2,38684.62,43622.57,742,89.9,40.5,0.091,0
74467.57,11.3,21933.36,36517.97,678,87.0,69.1,0.211,0
72232.65,2.6,24059.25,18645.23,691,65.5,41.1,0.082,1
29601.83,2.8,10531.78,15761.21,722,96.6,20.6,-0.402,0
40226.33,1.3,19883.34,13823.02,659,99.9,45.4,-0.131,0
62918.82,3.9,21646.22,12598.7,648,98.8,35.2,-0.234,0
38346.71,1.5,5201.52,16596.03,659,100.0,15.3,0.266,0
46485.63,10.9,20945.15,21251.09,594,98.0,42.6,0.298,0
69061.13,3.1,26810.57,32437.63,619,72.4,22.7,-0.029,0
44719.95,1.9,7188.72,1000.0,610,84.2,30.3,0.051,0
61348.92,4.4,14182.52,5988.78,726,89.4,35.8,-0.553,0
130092.45,17.5,60606.08,35174.08,764,100.0,0.0,-0.136,0
49290.06,4.6,23547.49,11827.51,570,80.5,26.4,-0.876,0
103635.56,3.5,42710.92,15854.6,658,75.1,53.5,0.283,1
73692.3,4.3,23379.68,26222.39,663,60.8,31.2,0.78,0
24173.61,7.6,9941.79,10681.11,590,96.2,0.0,-0.187,1
29549.57,7.2,9494.96,10199.68,598,86.9,33.4,0.08,0
34252.75,5.2,11748.89,11825.59,591,71.9,44.7,0.146,1
33854.96,8.6,4710.58,4933.82,718,94.8,29.0,-0.398,0
51551.71,4.5,30165.87,12573.54,553,79.2,29.7,-0.046,1
75966.99,3.7,16671.38,33868.58,738,65.5,26.1,0.164,0
108048.68,4.4,24905.18,54521.43,750,100.0,47.4,0.059,0
64183.17,2.7,30729.61,19345.48,620,55.1,18.6,0.021,1
42398.84,7.7,15083.73,24180.83,728,86.0,45.9,-0.104,0
17236.2,2.6,4340.94,11903.78,599,82.4,29.6,-0.286,0
56321.09,0.6,15619.48,18755.44,563,61.1,60.1,0.237,1
54949.71,1.1,18015.67,26169.36,582,88.6,25.3,0.616,0
59910.72,5.5,34069.79,13282.83,558,74.3,12.8,-0.702,1
172548.25,2.3,57432.73,24372.49,839,100.0,47.4,-0.754,0
107186.77,7.3,61056.41,57959.35,674,98.1,44.9,-0.425,0
83431.69,4.2,28905.11,16114.8,700,87.1,43.2,-0.154,0
31915.84,7.7,3671.48,17535.78,567,49.1,51.9,-0.092,1
40857.79,0.6,7142.22,5997.22,652,76.2,15.0,0.045,0
51422.72,2.6,10356.71,9311.43,692,75.1,19.2,0.025,0
35366.7,1.9,8921.03,1000.0,612,100.0,61.4,-0.049,0
71343.07,19.8,16728.94,10917.58,728,86.5,43.7,0.445,0
65926.77,3.0,5831.11,38633.97,803,88.4,25.9,-0.324,0
29775.19,1.0,5179.96,1621.09,841,98.2,0.0,0.318,0
104636.65,5.5,42503.36,36999.44,733,100.0,10.1,0.695,0
57312.31,1.7,3132.61,6449.95,850,100.0,15.9,-0.515,0
20931.51,8.3,17107.09,4641.35,466,91.6,23.8,-0.682,1
52667.9,9.2,13946.97,32410.59,659,80.2,41.1,0.065,0
63238.18,1.9,9012.33,9919.15,744,90.1,7.7,0.226,0
92506.65,2.3,21880.63,19402.47,850,83.5,24.4,0.013,0
44998.66,5.1,9355.24,23870.87,673,95.0,9.7,-0.744,0
85422.61,8.4,17757.19,15841.6,706,76.1,26.6,-0.59,0
60049.72,5.5,22586.41,3469.99,589,96.6,82.7,-0.178,0
26284.11,3.0,10337.09,17813.95,503,84.7,58.8,0.146,1
24875.99,1.3,3816.67,4635.85,636,89.4,46.5,-0.124,0
100449.25,12.9,54509.02,39160.88,651,67.3,24.6,0.075,0
104588.75,5.6,27867.21,17298.78,742,80.2,13.5,0.065,0
64705.41,14.8,0.0,15252.91,850,90.3,33.3,0.326,0
123332.43,6.2,74717.84,37803.21,720,81.4,3.9,-0.406,0
96870.99,13.5,16664.37,34166.76,660,51.1,48.0,0.031,1
78904.68,2.1,20879.04,9706.51,646,66.7,31.0,0.504,0
32819.52,2.3,19226.15,15519.37,552,88.8,34.4,-0.277,0
140404.92,3.6,33256.96,66665.47,850,100.0,1.7,-0.219,0
72763.21,2.0,32684.49,26482.42,560,80.7,36.0,0.03,1
43817.5,0.9,12042.4,13930.63,593,77.2,30.2,-0.37,0
37513.33,2.5,11316.42,13896.28,594,98.7,15.9,-0.408,0
62394.42,6.2,9115.76,27684.26,832,84.2,39.5,-0.121,0
21610.13,1.4,4291.1,1000.0,668,94.4,27.0,-0.085,0
79604.05,1.6,23997.71,41389.77,674,79.9,40.9,0.263,0
32065.5,2.6,6494.62,13326.15,584,78.3,47.4,-0.314,1
66425.38,1.8,14608.02,33094.34,739,95.5,13.3,0.011,0
40664.42,2.7,13060.01,23263.78,566,93.4,37.1,0.432,0
46843.6,3.8,12840.58,1000.0,666,79.5,36.8,0.411,1
35728.34,1.5,6149.12,10034.79,666,68.3,59.9,-0.039,1
49579.06,2.7,15057.74,15695.96,688,60.6,51.8,0.066,1
153147.8,4.1,56159.79,56128.55,750,62.5,28.0,-0.317,0
116050.74,2.1,72893.04,53345.99,672,75.1,26.5,0.101,0
65838.72,1.3,3291.12,13108.11,850,88.4,38.0,0.536,0
53427.89,2.2,19095.22,18340.77,599,60.7,12.5,0.455,0
86190.1,3.1,28857.45,35934.8,577,61.6,15.5,-0.008,0
100859.5,0.8,23585.74,54413.73,845,89.3,25.6,0.121,0
34323.99,6.2,523.57,3695.65,775,100.0,0.0,-0.257,0
51917.37,3.2,24322.5,28488.51,669,99.2,15.2,-0.325,0
19889.02,2.2,4627.73,3397.32,462,58.2,28.4,-0.127,0
100479.21,1.0,27855.63,31370.13,794,89.5,90.1,0.095,1
168680.78,5.7,0.0,31731.74,850,97.4,22.1,0.253,0
56615.92,9.3,10018.19,16159.65,639,77.1,48.2,-0.028,0
16835.49,2.6,3222.14,1000.0,599,80.7,31.0,0.154,0
75726.98,13.9,32080.57,14114.98,696,88.7,43.8,-0.893,0
32950.15,4.0,13507.47,4310.08,620,90.8,13.3,0.06,0
37614.99,4.1,9892.5,23515.6,698,89.3,4.1,-0.217,0
76467.19,7.5,24044.51,18364.84,751,94.1,62.5,-0.438,0
62317.95,5.9,16916.74,26892.57,721,87.0,8.4,0.159,0
41420.87,1.4,9648.59,24960.15,612,75.2,64.7,0.507,1
37900.4,2.5,4823.73,9288.55,745,77.8,27.6,-0.005,0
58058.7,8.4,6914.08,5016.3,691,73.1,18.5,0.308,0
43251.79,6.0,20548.88,7341.09,547,77.5,24.7,-0.146,0
29434.41,14.0,6063.05,10720.07,596,91.9,67.0,0.719,0
45120.42,5.3,20764.6,21937.26,695,73.2,21.0,-0.552,0
65301.87,6.1,4644.58,8825.81,832,99.0,27.4,-0.035,0
49121.06,2.2,6607.18,22662.58,739,70.2,54.5,0.263,0
24898.69,9.2,7733.35,4032.79,548,86.8,44.5,-0.011,1
93338.28,0.4,24837.44,50575.73,831,95.7,76.5,0.482,0
12011.91,4.6,1297.95,1050.66,570,90.3,58.3,-0.726,1
42382.85,6.3,19937.06,21954.08,601,58.1,21.1,-0.039,0
38518.38,5.1,4124.15,11985.73,678,85.9,61.1,-0.087,0
58776.56,4.0,12920.48,24470.38,651,73.7,0.0,-0.039,0
73785.24,3.6,28326.4,33892.79,678,65.5,50.4,-0.554,0
100681.83,4.1,40321.47,18063.59,728,87.1,21.9,-0.102,0
36613.68,1.6,16707.86,15512.71,434,66.5,46.9,-0.118,1
74803.52,5.1,21624.86,28242.82,589,87.4,74.3,0.085,0
60336.96,2.2,17410.87,37083.44,799,100.0,1.6,0.384,0
21134.32,2.6,4968.94,4922.39,596,88.2,53.5,0.039,0
154090.77,1.4,65634.11,61368.74,725,80.7,51.8,0.146,0
24555.07,22.7,3385.67,4660.78,640,81.8,48.2,0.44,0
68235.72,4.8,30663.15,21167.11,694,96.8,15.4,0.416,0
67136.15,1.2,6666.78,35592.19,787,79.7,33.2,-0.835,0
63044.76,4.4,2234.21,23634.4,829,77.5,15.7,0.279,0
41273.78,9.1,5386.87,24647.93,657,71.0,43.6,0.277,0
85390.4,5.0,35564.11,23182.78,700,71.5,8.9,-0.092,0
22966.64,3.9,1486.62,10305.34,753,96.5,26.3,-0.16,0
52249.95,2.1,9916.66,31075.97,755,77.2,47.6,-0.395,0
39730.28,5.0,7903.71,17778.09,590,91.8,20.3,-0.679,0
37327.52,7.0,6614.01,7911.52,695,92.9,27.1,0.297,0
68583.78,7.0,22443.22,3640.93,696,70.6,16.9,0.268,1
97989.26,4.7,32670.61,50185.3,809,72.9,40.1,-0.035,0
44855.85,4.7,18253.28,16653.97,714,92.1,32.2,0.248,0
83230.95,10.2,35999.45,22829.78,732,86.0,20.3,0.358,0
55678.95,9.5,12834.18,14878.67,806,81.5,22.4,-0.629,0
33156.61,3.5,972.42,7869.8,733,90.5,38.2,0.087,0
